DROP TABLE CAPTE_CPT;
DROP TABLE CAPTEUR_CPR;
DROP TABLE POLLUANT_PLT;
DROP TABLE RELEVE_RLV;
DROP TABLE STATION_STT;
DROP TABLE TYPE_STATION_TST;

DROP TABLE  A_ECHEANCE;
DROP TABLE  A_DOSSIER;
DROP TABLE  A_DEMANDE;
DROP TABLE  A_UTILISATEUR;
DROP TABLE A_ACTEUR;

----------------------------------------------------------
----------------------------------------------------------

CREATE TABLE A_ACTEUR
( 
"ACT_ID" VARCHAR2(50),
"NOM" VARCHAR2(50),
"SIRET" NUMBER(14,0),
"CATEGORIE_JURIDIQUE" VARCHAR2(20),
"CODE_NAF" VARCHAR2(10),
"CAPITAL_SOCIAL" NUMBER(18,2),
"EMAIL_RESPONSABLE" VARCHAR2(50),
"ADRESSE" VARCHAR2(100),
"TELEPHONE" VARCHAR2(50),
"STATUT" VARCHAR2(50),
"TYPE_ACTEUR" VARCHAR2(10),
"DATE_CREATION" DATE,
CONSTRAINT A_ACTEUR_PK PRIMARY KEY (ACT_ID)
);
----------------------------------------------------------
----------------------------------------------------------


CREATE TABLE A_UTILISATEUR
( 
"UTILISATEUR_ID" VARCHAR2(50),
"NOM" VARCHAR2(10),
"PRENOM" VARCHAR2(10),
"STATUT" VARCHAR2(10),
"EMAIL" VARCHAR2(50),
"UTILISATEUR_TYPE" VARCHAR2(10),
"DATECREATION" DATE,
"ACT_ID" VARCHAR2(50),
CONSTRAINT A_UTILISATEUR_PK PRIMARY KEY (UTILISATEUR_ID),
CONSTRAINT A_UTILISATEUR_ACTEUR
    FOREIGN KEY (ACT_ID)
    REFERENCES A_ACTEUR(ACT_ID)
);
----------------------------------------------------------
----------------------------------------------------------


CREATE TABLE A_DEMANDE
( 
"DEMANDE_ID" VARCHAR2(50),
"MONTANT" NUMBER(18,2),
"CREATION_DATE" DATE,
"TERME" VARCHAR2(10),
"STATUT" VARCHAR2(10),
"COMMISSION" NUMBER(18,2),
"ECHEANCE" NUMBER(18,2),
"PERIODICITE"  VARCHAR2(10),
"UTILISATEUR_ID"  VARCHAR2(50),
"FOURNISSEUR_ID"  VARCHAR2(50),
"GARANT_ID" VARCHAR2(50),
CONSTRAINT A_DEMANDE_PK PRIMARY KEY (DEMANDE_ID),
CONSTRAINT A_DEMANDE_UTILISATEUR
    FOREIGN KEY (UTILISATEUR_ID)
    REFERENCES A_UTILISATEUR(UTILISATEUR_ID),
CONSTRAINT A_DEMANDE_FOURN
    FOREIGN KEY (FOURNISSEUR_ID)
    REFERENCES A_ACTEUR(ACT_ID),
CONSTRAINT A_DEMANDE_GAR
    FOREIGN KEY (GARANT_ID)
    REFERENCES A_ACTEUR(ACT_ID)
);


--------------------------------------------------------
--------------------------------------------------------


CREATE TABLE A_DOSSIER
( 
"DOSSIER_ID" VARCHAR2(50),
"MONTANT" NUMBER(18,2),
"PERIODICITE" VARCHAR2(10),
"TERME" VARCHAR2(10),
"IMPAYE" VARCHAR2(10),
"CRD" NUMBER(18,2),
"DEB_DATE" DATE,
"FIN_DATE" DATE,
CONSTRAINT A_DOSSIER_PK PRIMARY KEY (DOSSIER_ID)
);

--------------------------------------------------------
--------------------------------------------------------

CREATE TABLE A_ECHEANCE
( 
"ECHEANCE_ID" VARCHAR2(50),
"MONTANT" NUMBER(18,2),
"STATUT" VARCHAR2(10),
"ECHEANCE_DATE" DATE,
"DOSSIER_ID" VARCHAR2(50),
CONSTRAINT A_ECHEANCE_PK PRIMARY KEY (ECHEANCE_ID),
CONSTRAINT A_ECHEANCE_DOS
    FOREIGN KEY (DOSSIER_ID)
    REFERENCES A_DOSSIER(DOSSIER_ID)
);


--FOURN
Insert into A_ACTEUR (ACT_ID,NOM,SIRET,CATEGORIE_JURIDIQUE,CODE_NAF,CAPITAL_SOCIAL,EMAIL_RESPONSABLE,ADRESSE,TELEPHONE,STATUT,TYPE_ACTEUR,DATE_CREATION) values ('F001','AUTOPLUS','40385926700029','SARL','4532Z','100000','contact@autoplus.fr','270 AVENUE JEAN JAURES 95100 ARGENTEUI FRANCE','0102030405','ACTIF','FOURN',to_date('30/12/16','DD/MM/RR'));
Insert into A_ACTEUR (ACT_ID,NOM,SIRET,CATEGORIE_JURIDIQUE,CODE_NAF,CAPITAL_SOCIAL,EMAIL_RESPONSABLE,ADRESSE,TELEPHONE,STATUT,TYPE_ACTEUR,DATE_CREATION) values ('F002','SAMSUNG FR','50385926700017','SAS','4532Z','5000000','contact@samsung.fr','15 AVENUE JEAN JAURES 75005 PARIS FRANCE','0102030407','ACTIF','FOURN',to_date('30/12/16','DD/MM/RR'));
Insert into A_ACTEUR (ACT_ID,NOM,SIRET,CATEGORIE_JURIDIQUE,CODE_NAF,CAPITAL_SOCIAL,EMAIL_RESPONSABLE,ADRESSE,TELEPHONE,STATUT,TYPE_ACTEUR,DATE_CREATION) values ('F003','AUTO A','40385926700333','SARL','4532Z','100000','contact@aa.fr','270 AVENUE JEAN JAURES 95100 ARGENTEUI FRANCE','0102030405','ACTIF','FOURN',to_date('30/12/16','DD/MM/RR'));
Insert into A_ACTEUR (ACT_ID,NOM,SIRET,CATEGORIE_JURIDIQUE,CODE_NAF,CAPITAL_SOCIAL,EMAIL_RESPONSABLE,ADRESSE,TELEPHONE,STATUT,TYPE_ACTEUR,DATE_CREATION) values ('F004','AUTO B','50385926700015','SAS','4532Z','5000000','contact@ab.fr','78 AVENUE JEAN JAURES 75005 PARIS FRANCE','0102030407','ACTIF','FOURN',to_date('30/12/16','DD/MM/RR'));
Insert into A_ACTEUR (ACT_ID,NOM,SIRET,CATEGORIE_JURIDIQUE,CODE_NAF,CAPITAL_SOCIAL,EMAIL_RESPONSABLE,ADRESSE,TELEPHONE,STATUT,TYPE_ACTEUR,DATE_CREATION) values ('F005','AUTO C','40385926700025','SARL','4532Z','100000','contact@ac.fr','78 AVENUE JEAN JAURES 95100 ARGENTEUI FRANCE','0102030405','ACTIF','FOURN',to_date('30/12/16','DD/MM/RR'));
Insert into A_ACTEUR (ACT_ID,NOM,SIRET,CATEGORIE_JURIDIQUE,CODE_NAF,CAPITAL_SOCIAL,EMAIL_RESPONSABLE,ADRESSE,TELEPHONE,STATUT,TYPE_ACTEUR,DATE_CREATION) values ('F006','AUTO D','11385926700017','SAS','4532Z','5000000','contact@ad.fr','77 AVENUE JEAN JAURES 75005 PARIS FRANCE','0102030407','ACTIF','FOURN',to_date('30/12/16','DD/MM/RR'));
Insert into A_ACTEUR (ACT_ID,NOM,SIRET,CATEGORIE_JURIDIQUE,CODE_NAF,CAPITAL_SOCIAL,EMAIL_RESPONSABLE,ADRESSE,TELEPHONE,STATUT,TYPE_ACTEUR,DATE_CREATION) values ('F007','KONIKA','40115926700029','SARL','4532Z','100000','contact@knk.fr','56 AVENUE JEAN JAURES 95100 ARGENTEUI FRANCE','0102030405','ACTIF','FOURN',to_date('30/12/16','DD/MM/RR'));
Insert into A_ACTEUR (ACT_ID,NOM,SIRET,CATEGORIE_JURIDIQUE,CODE_NAF,CAPITAL_SOCIAL,EMAIL_RESPONSABLE,ADRESSE,TELEPHONE,STATUT,TYPE_ACTEUR,DATE_CREATION) values ('F008','MINOLTA','12385926700017','SAS','4532Z','5000000','contact@mnlt.fr','55 AVENUE JEAN JAURES 75005 PARIS FRANCE','0102030407','ACTIF','FOURN',to_date('30/12/16','DD/MM/RR'));

--GARANTS
Insert into A_ACTEUR (ACT_ID,NOM,SIRET,CATEGORIE_JURIDIQUE,CODE_NAF,CAPITAL_SOCIAL,EMAIL_RESPONSABLE,ADRESSE,TELEPHONE,STATUT,TYPE_ACTEUR,DATE_CREATION) values ('G001','AA BANK','40385926700029','SARL','6419Z','250000','contact@autoplus.fr','15 RUE MONTMARTRE 75001 PARIS','0102030405','ACTIF','GAR',to_date('30/12/16','DD/MM/RR'));
Insert into A_ACTEUR (ACT_ID,NOM,SIRET,CATEGORIE_JURIDIQUE,CODE_NAF,CAPITAL_SOCIAL,EMAIL_RESPONSABLE,ADRESSE,TELEPHONE,STATUT,TYPE_ACTEUR,DATE_CREATION) values ('G002','IC Fund','40385926700029','SARL','6419Z','15000','contact@IC.fr','10 Rue de la Liberté 75002 PARIS','0102030405','ACTIF','GAR',to_date('30/12/16','DD/MM/RR'));
Insert into A_ACTEUR (ACT_ID,NOM,SIRET,CATEGORIE_JURIDIQUE,CODE_NAF,CAPITAL_SOCIAL,EMAIL_RESPONSABLE,ADRESSE,TELEPHONE,STATUT,TYPE_ACTEUR,DATE_CREATION) values ('G003','AB BANK','40385926700029','SARL','6419Z','250000','contact@AB.fr','57 RUE MONTMARTRE 75001 PARIS','0102030405','ACTIF','GAR',to_date('30/12/16','DD/MM/RR'));
Insert into A_ACTEUR (ACT_ID,NOM,SIRET,CATEGORIE_JURIDIQUE,CODE_NAF,CAPITAL_SOCIAL,EMAIL_RESPONSABLE,ADRESSE,TELEPHONE,STATUT,TYPE_ACTEUR,DATE_CREATION) values ('G004','AV Fund','40385926700029','SARL','6419Z','150005','contact@AV.fr','55 Rue de la Liberté 75002 PARIS','0102030405','ACTIF','GAR',to_date('30/12/16','DD/MM/RR'));
Insert into A_ACTEUR (ACT_ID,NOM,SIRET,CATEGORIE_JURIDIQUE,CODE_NAF,CAPITAL_SOCIAL,EMAIL_RESPONSABLE,ADRESSE,TELEPHONE,STATUT,TYPE_ACTEUR,DATE_CREATION) values ('G005','SS BANK','40385926700029','SARL','6419Z','250000','contact@SS.fr','11 RUE MONTMARTRE 75001 PARIS','0102030405','ACTIF','GAR',to_date('30/12/16','DD/MM/RR'));
Insert into A_ACTEUR (ACT_ID,NOM,SIRET,CATEGORIE_JURIDIQUE,CODE_NAF,CAPITAL_SOCIAL,EMAIL_RESPONSABLE,ADRESSE,TELEPHONE,STATUT,TYPE_ACTEUR,DATE_CREATION) values ('G006','CV Fund','40385926700029','SARL','6419Z','150005','contact@CV.fr','12 Rue de la Liberté 75002 PARIS','0102030405','ACTIF','GAR',to_date('30/12/16','DD/MM/RR'));
Insert into A_ACTEUR (ACT_ID,NOM,SIRET,CATEGORIE_JURIDIQUE,CODE_NAF,CAPITAL_SOCIAL,EMAIL_RESPONSABLE,ADRESSE,TELEPHONE,STATUT,TYPE_ACTEUR,DATE_CREATION) values ('G007','AZ BANK','40385926700029','SARL','6419Z','250000','contact@AZ.fr','12 RUE MONTMARTRE 75001 PARIS','0102030405','ACTIF','GAR',to_date('30/12/16','DD/MM/RR'));
Insert into A_ACTEUR (ACT_ID,NOM,SIRET,CATEGORIE_JURIDIQUE,CODE_NAF,CAPITAL_SOCIAL,EMAIL_RESPONSABLE,ADRESSE,TELEPHONE,STATUT,TYPE_ACTEUR,DATE_CREATION) values ('G008','DF Fund','40385926700029','SARL','6419Z','150005','contact@DF.fr','11 Rue de la Liberté 75002 PARIS','0102030405','ACTIF','GAR',to_date('30/12/16','DD/MM/RR'));


--ACTEURS
Insert into A_ACTEUR (ACT_ID,NOM,SIRET,CATEGORIE_JURIDIQUE,CODE_NAF,CAPITAL_SOCIAL,EMAIL_RESPONSABLE,ADRESSE,TELEPHONE,STATUT,TYPE_ACTEUR,DATE_CREATION) values ('10','DARTY','40385926700055','SARL','6419Z','100000','contact@DARTY.fr','11 Rue De Paris 92500 Levallois','0102030405','ACTIF','PART',to_date('30/12/16','DD/MM/RR'));
Insert into A_ACTEUR (ACT_ID,NOM,SIRET,CATEGORIE_JURIDIQUE,CODE_NAF,CAPITAL_SOCIAL,EMAIL_RESPONSABLE,ADRESSE,TELEPHONE,STATUT,TYPE_ACTEUR,DATE_CREATION) values ('11','FNAC','88385926700029','SARL','6419Z','25000','contact@FNAC.fr','27 Rue de la Paix 75003 Paris','0102030405','ACTIF','PART',to_date('30/12/16','DD/MM/RR'));
Insert into A_ACTEUR (ACT_ID,NOM,SIRET,CATEGORIE_JURIDIQUE,CODE_NAF,CAPITAL_SOCIAL,EMAIL_RESPONSABLE,ADRESSE,TELEPHONE,STATUT,TYPE_ACTEUR,DATE_CREATION) values ('12','NBB','40385926700029','SARL','6419Z','30000','contact@nbb.fr','155 Rue de la Paix 75003 Paris','0102030405','ACTIF','PART',to_date('30/12/16','DD/MM/RR'));
Insert into A_ACTEUR (ACT_ID,NOM,SIRET,CATEGORIE_JURIDIQUE,CODE_NAF,CAPITAL_SOCIAL,EMAIL_RESPONSABLE,ADRESSE,TELEPHONE,STATUT,TYPE_ACTEUR,DATE_CREATION) values ('13','ABC CONS','33385926700029','SARL','6419Z','60000','contact@abcc.fr','12 Rue de la Paix 75003 Paris','0102030405','ACTIF','PART',to_date('30/12/16','DD/MM/RR'));
Insert into A_ACTEUR (ACT_ID,NOM,SIRET,CATEGORIE_JURIDIQUE,CODE_NAF,CAPITAL_SOCIAL,EMAIL_RESPONSABLE,ADRESSE,TELEPHONE,STATUT,TYPE_ACTEUR,DATE_CREATION) values ('14','FGH SALES','65385926700029','SARL','6419Z','26000','contact@fgh.fr','270 Rue de la Convention 75015 Paris','0102030405','ACTIF','PART',to_date('30/12/16','DD/MM/RR'));


-- USERS


INSERT INTO A_UTILISATEUR (UTILISATEUR_ID, NOM, PRENOM, STATUT, EMAIL, UTILISATEUR_TYPE, DATECREATION, ACT_ID) VALUES ('101','RAPHAEL','SARAH','ACTIF','RAPHAEL.SARAH@gmail.com','COMM',to_date('30/12/16','DD/MM/RR'),'10');
INSERT INTO A_UTILISATEUR (UTILISATEUR_ID, NOM, PRENOM, STATUT, EMAIL, UTILISATEUR_TYPE, DATECREATION, ACT_ID) VALUES ('102','SAMUEL','CAMILLE','ACTIF','SAMUEL.CAMILLE@gmail.com','COMM',to_date('30/12/16','DD/MM/RR'),'10');
INSERT INTO A_UTILISATEUR (UTILISATEUR_ID, NOM, PRENOM, STATUT, EMAIL, UTILISATEUR_TYPE, DATECREATION, ACT_ID) VALUES ('103','ENZO','NAYA','ACTIF','ENZO.NAYA@gmail.com','COMM',to_date('30/12/16','DD/MM/RR'),'10');
INSERT INTO A_UTILISATEUR (UTILISATEUR_ID, NOM, PRENOM, STATUT, EMAIL, UTILISATEUR_TYPE, DATECREATION, ACT_ID) VALUES ('104','NICOLAS','MANON','ACTIF','NICOLAS.MANON@gmail.com','COMM',to_date('30/12/16','DD/MM/RR'),'10');
INSERT INTO A_UTILISATEUR (UTILISATEUR_ID, NOM, PRENOM, STATUT, EMAIL, UTILISATEUR_TYPE, DATECREATION, ACT_ID) VALUES ('105','HUGO','MAXIME','ACTIF','HUGO.MAXIME@gmail.com','COMM',to_date('30/12/16','DD/MM/RR'),'10');
INSERT INTO A_UTILISATEUR (UTILISATEUR_ID, NOM, PRENOM, STATUT, EMAIL, UTILISATEUR_TYPE, DATECREATION, ACT_ID) VALUES ('106','ANTOINE','YSEE','ACTIF','ANTOINE.YSEE@gmail.com','COMM',to_date('30/12/16','DD/MM/RR'),'10');
INSERT INTO A_UTILISATEUR (UTILISATEUR_ID, NOM, PRENOM, STATUT, EMAIL, UTILISATEUR_TYPE, DATECREATION, ACT_ID) VALUES ('107','FREDERIC','INES','ACTIF','FREDERIC.INES@gmail.com','COMM',to_date('30/12/16','DD/MM/RR'),'10');
INSERT INTO A_UTILISATEUR (UTILISATEUR_ID, NOM, PRENOM, STATUT, EMAIL, UTILISATEUR_TYPE, DATECREATION, ACT_ID) VALUES ('108','THEO','GAELLE','ACTIF','THEO.GAELLE@gmail.com','COMM',to_date('30/12/16','DD/MM/RR'),'10');
INSERT INTO A_UTILISATEUR (UTILISATEUR_ID, NOM, PRENOM, STATUT, EMAIL, UTILISATEUR_TYPE, DATECREATION, ACT_ID) VALUES ('109','JEREMIE','CLARA','ACTIF','JEREMIE.CLARA@gmail.com','COMM',to_date('30/12/16','DD/MM/RR'),'10');
INSERT INTO A_UTILISATEUR (UTILISATEUR_ID, NOM, PRENOM, STATUT, EMAIL, UTILISATEUR_TYPE, DATECREATION, ACT_ID) VALUES ('110','ADOLPHE','MARGAUX','ACTIF','ADOLPHE.MARGAUX@gmail.com','COMM',to_date('30/12/16','DD/MM/RR'),'11');
INSERT INTO A_UTILISATEUR (UTILISATEUR_ID, NOM, PRENOM, STATUT, EMAIL, UTILISATEUR_TYPE, DATECREATION, ACT_ID) VALUES ('111','MATHIS','EMMA','ACTIF','MATHIS.EMMA@gmail.com','COMM',to_date('30/12/16','DD/MM/RR'),'11');
INSERT INTO A_UTILISATEUR (UTILISATEUR_ID, NOM, PRENOM, STATUT, EMAIL, UTILISATEUR_TYPE, DATECREATION, ACT_ID) VALUES ('112','ALEXANDRE','MELENA','ACTIF','ALEXANDRE.MELENA@gmail.com','COMM',to_date('30/12/16','DD/MM/RR'),'11');
INSERT INTO A_UTILISATEUR (UTILISATEUR_ID, NOM, PRENOM, STATUT, EMAIL, UTILISATEUR_TYPE, DATECREATION, ACT_ID) VALUES ('113','BENJAMIN','RIHANA','ACTIF','BENJAMIN.RIHANA@gmail.com','COMM',to_date('30/12/16','DD/MM/RR'),'11');
INSERT INTO A_UTILISATEUR (UTILISATEUR_ID, NOM, PRENOM, STATUT, EMAIL, UTILISATEUR_TYPE, DATECREATION, ACT_ID) VALUES ('114','LUCAS','MAITENA','ACTIF','LUCAS.MAITENA@gmail.com','COMM',to_date('30/12/16','DD/MM/RR'),'11');
INSERT INTO A_UTILISATEUR (UTILISATEUR_ID, NOM, PRENOM, STATUT, EMAIL, UTILISATEUR_TYPE, DATECREATION, ACT_ID) VALUES ('115','SEBASTIEN','LAURA','ACTIF','SEBASTIEN.LAURA@gmail.com','COMM',to_date('30/12/16','DD/MM/RR'),'11');
INSERT INTO A_UTILISATEUR (UTILISATEUR_ID, NOM, PRENOM, STATUT, EMAIL, UTILISATEUR_TYPE, DATECREATION, ACT_ID) VALUES ('116','THOMAS','MYRIAM','ACTIF','THOMAS.MYRIAM@gmail.com','COMM',to_date('30/12/16','DD/MM/RR'),'11');
INSERT INTO A_UTILISATEUR (UTILISATEUR_ID, NOM, PRENOM, STATUT, EMAIL, UTILISATEUR_TYPE, DATECREATION, ACT_ID) VALUES ('117','MARTIAL','SALOME','ACTIF','MARTIAL.SALOME@gmail.com','COMM',to_date('30/12/16','DD/MM/RR'),'11');
INSERT INTO A_UTILISATEUR (UTILISATEUR_ID, NOM, PRENOM, STATUT, EMAIL, UTILISATEUR_TYPE, DATECREATION, ACT_ID) VALUES ('118','MOHAMED','CHLOE','ACTIF','MOHAMED.CHLOE@gmail.com','COMM',to_date('30/12/16','DD/MM/RR'),'11');
INSERT INTO A_UTILISATEUR (UTILISATEUR_ID, NOM, PRENOM, STATUT, EMAIL, UTILISATEUR_TYPE, DATECREATION, ACT_ID) VALUES ('119','JEAN','CLAIRE','ACTIF','JEAN.CLAIRE@gmail.com','COMM',to_date('30/12/16','DD/MM/RR'),'11');
INSERT INTO A_UTILISATEUR (UTILISATEUR_ID, NOM, PRENOM, STATUT, EMAIL, UTILISATEUR_TYPE, DATECREATION, ACT_ID) VALUES ('120','SAYAN','ANAYA','ACTIF','SAYAN.ANAYA@gmail.com','COMM',to_date('30/12/16','DD/MM/RR'),'12');
INSERT INTO A_UTILISATEUR (UTILISATEUR_ID, NOM, PRENOM, STATUT, EMAIL, UTILISATEUR_TYPE, DATECREATION, ACT_ID) VALUES ('121','ROBIN','LAYANA','ACTIF','ROBIN.LAYANA@gmail.com','COMM',to_date('30/12/16','DD/MM/RR'),'12');
INSERT INTO A_UTILISATEUR (UTILISATEUR_ID, NOM, PRENOM, STATUT, EMAIL, UTILISATEUR_TYPE, DATECREATION, ACT_ID) VALUES ('122','FREDERIQUE','LINA','ACTIF','FREDERIQUE.LINA@gmail.com','COMM',to_date('30/12/16','DD/MM/RR'),'12');
INSERT INTO A_UTILISATEUR (UTILISATEUR_ID, NOM, PRENOM, STATUT, EMAIL, UTILISATEUR_TYPE, DATECREATION, ACT_ID) VALUES ('123','GAETAN','LISE','ACTIF','GAETAN.LISE@gmail.com','COMM',to_date('30/12/16','DD/MM/RR'),'12');
INSERT INTO A_UTILISATEUR (UTILISATEUR_ID, NOM, PRENOM, STATUT, EMAIL, UTILISATEUR_TYPE, DATECREATION, ACT_ID) VALUES ('124','ETIENNE','NELIA','ACTIF','ETIENNE.NELIA@gmail.com','COMM',to_date('30/12/16','DD/MM/RR'),'12');
INSERT INTO A_UTILISATEUR (UTILISATEUR_ID, NOM, PRENOM, STATUT, EMAIL, UTILISATEUR_TYPE, DATECREATION, ACT_ID) VALUES ('125','SACHA','CYPRINE','ACTIF','SACHA.CYPRINE@gmail.com','COMM',to_date('30/12/16','DD/MM/RR'),'12');
INSERT INTO A_UTILISATEUR (UTILISATEUR_ID, NOM, PRENOM, STATUT, EMAIL, UTILISATEUR_TYPE, DATECREATION, ACT_ID) VALUES ('126','ANTHONY','AMBRINE','ACTIF','ANTHONY.AMBRINE@gmail.com','COMM',to_date('30/12/16','DD/MM/RR'),'12');
INSERT INTO A_UTILISATEUR (UTILISATEUR_ID, NOM, PRENOM, STATUT, EMAIL, UTILISATEUR_TYPE, DATECREATION, ACT_ID) VALUES ('127','ENAUT','ADELE','ACTIF','ENAUT.ADELE@gmail.com','COMM',to_date('30/12/16','DD/MM/RR'),'12');
INSERT INTO A_UTILISATEUR (UTILISATEUR_ID, NOM, PRENOM, STATUT, EMAIL, UTILISATEUR_TYPE, DATECREATION, ACT_ID) VALUES ('128','MAXIME','JADE','ACTIF','MAXIME.JADE@gmail.com','COMM',to_date('30/12/16','DD/MM/RR'),'12');
INSERT INTO A_UTILISATEUR (UTILISATEUR_ID, NOM, PRENOM, STATUT, EMAIL, UTILISATEUR_TYPE, DATECREATION, ACT_ID) VALUES ('129','SOHAN','HAKIMA','ACTIF','SOHAN.HAKIMA@gmail.com','COMM',to_date('30/12/16','DD/MM/RR'),'12');
INSERT INTO A_UTILISATEUR (UTILISATEUR_ID, NOM, PRENOM, STATUT, EMAIL, UTILISATEUR_TYPE, DATECREATION, ACT_ID) VALUES ('130','NATHAN','AGATHE','ACTIF','NATHAN.AGATHE@gmail.com','COMM',to_date('30/12/16','DD/MM/RR'),'13');
INSERT INTO A_UTILISATEUR (UTILISATEUR_ID, NOM, PRENOM, STATUT, EMAIL, UTILISATEUR_TYPE, DATECREATION, ACT_ID) VALUES ('131','KEVIN','AYANA','ACTIF','KEVIN.AYANA@gmail.com','COMM',to_date('30/12/16','DD/MM/RR'),'13');
INSERT INTO A_UTILISATEUR (UTILISATEUR_ID, NOM, PRENOM, STATUT, EMAIL, UTILISATEUR_TYPE, DATECREATION, ACT_ID) VALUES ('132','GORKA','UHAINA','ACTIF','GORKA.UHAINA@gmail.com','COMM',to_date('30/12/16','DD/MM/RR'),'13');
INSERT INTO A_UTILISATEUR (UTILISATEUR_ID, NOM, PRENOM, STATUT, EMAIL, UTILISATEUR_TYPE, DATECREATION, ACT_ID) VALUES ('133','JULIEN','ALICE','ACTIF','JULIEN.ALICE@gmail.com','COMM',to_date('30/12/16','DD/MM/RR'),'13');
INSERT INTO A_UTILISATEUR (UTILISATEUR_ID, NOM, PRENOM, STATUT, EMAIL, UTILISATEUR_TYPE, DATECREATION, ACT_ID) VALUES ('134','MARINE','JODIE','ACTIF','MARINE.JODIE@gmail.com','COMM',to_date('30/12/16','DD/MM/RR'),'13');
INSERT INTO A_UTILISATEUR (UTILISATEUR_ID, NOM, PRENOM, STATUT, EMAIL, UTILISATEUR_TYPE, DATECREATION, ACT_ID) VALUES ('135','STEPHANE','KENZA','ACTIF','STEPHANE.KENZA@gmail.com','COMM',to_date('30/12/16','DD/MM/RR'),'13');
INSERT INTO A_UTILISATEUR (UTILISATEUR_ID, NOM, PRENOM, STATUT, EMAIL, UTILISATEUR_TYPE, DATECREATION, ACT_ID) VALUES ('136','FRANCO','CYRILLE','ACTIF','FRANCO.CYRILLE@gmail.com','COMM',to_date('30/12/16','DD/MM/RR'),'13');
INSERT INTO A_UTILISATEUR (UTILISATEUR_ID, NOM, PRENOM, STATUT, EMAIL, UTILISATEUR_TYPE, DATECREATION, ACT_ID) VALUES ('137','YASSINE','LEA','ACTIF','YASSINE.LEA@gmail.com','COMM',to_date('30/12/16','DD/MM/RR'),'13');
INSERT INTO A_UTILISATEUR (UTILISATEUR_ID, NOM, PRENOM, STATUT, EMAIL, UTILISATEUR_TYPE, DATECREATION, ACT_ID) VALUES ('138','GABRIEL','STELLA','ACTIF','GABRIEL.STELLA@gmail.com','COMM',to_date('30/12/16','DD/MM/RR'),'13');
INSERT INTO A_UTILISATEUR (UTILISATEUR_ID, NOM, PRENOM, STATUT, EMAIL, UTILISATEUR_TYPE, DATECREATION, ACT_ID) VALUES ('139','HAI','DOMITILLE','ACTIF','HAI.DOMITILLE@gmail.com','COMM',to_date('30/12/16','DD/MM/RR'),'13');
INSERT INTO A_UTILISATEUR (UTILISATEUR_ID, NOM, PRENOM, STATUT, EMAIL, UTILISATEUR_TYPE, DATECREATION, ACT_ID) VALUES ('140','DAVID','SOHANE','ACTIF','DAVID.SOHANE@gmail.com','COMM',to_date('30/12/16','DD/MM/RR'),'14');
INSERT INTO A_UTILISATEUR (UTILISATEUR_ID, NOM, PRENOM, STATUT, EMAIL, UTILISATEUR_TYPE, DATECREATION, ACT_ID) VALUES ('141','KEPA','PAULE','ACTIF','KEPA.PAULE@gmail.com','COMM',to_date('30/12/16','DD/MM/RR'),'14');
INSERT INTO A_UTILISATEUR (UTILISATEUR_ID, NOM, PRENOM, STATUT, EMAIL, UTILISATEUR_TYPE, DATECREATION, ACT_ID) VALUES ('142','DYLAN','ENA','ACTIF','DYLAN.ENA@gmail.com','COMM',to_date('30/12/16','DD/MM/RR'),'14');
INSERT INTO A_UTILISATEUR (UTILISATEUR_ID, NOM, PRENOM, STATUT, EMAIL, UTILISATEUR_TYPE, DATECREATION, ACT_ID) VALUES ('143','NANS','LAILA','ACTIF','NANS.LAILA@gmail.com','COMM',to_date('30/12/16','DD/MM/RR'),'14');
INSERT INTO A_UTILISATEUR (UTILISATEUR_ID, NOM, PRENOM, STATUT, EMAIL, UTILISATEUR_TYPE, DATECREATION, ACT_ID) VALUES ('144','LEANDRE','INTZA','ACTIF','LEANDRE.INTZA@gmail.com','COMM',to_date('30/12/16','DD/MM/RR'),'14');
INSERT INTO A_UTILISATEUR (UTILISATEUR_ID, NOM, PRENOM, STATUT, EMAIL, UTILISATEUR_TYPE, DATECREATION, ACT_ID) VALUES ('145','NOEL','ALISON','ACTIF','NOEL.ALISON@gmail.com','COMM',to_date('30/12/16','DD/MM/RR'),'14');
INSERT INTO A_UTILISATEUR (UTILISATEUR_ID, NOM, PRENOM, STATUT, EMAIL, UTILISATEUR_TYPE, DATECREATION, ACT_ID) VALUES ('146','GUILLAUME','OCEANE','ACTIF','GUILLAUME.OCEANE@gmail.com','COMM',to_date('30/12/16','DD/MM/RR'),'14');
INSERT INTO A_UTILISATEUR (UTILISATEUR_ID, NOM, PRENOM, STATUT, EMAIL, UTILISATEUR_TYPE, DATECREATION, ACT_ID) VALUES ('147','LOUIS','HAIZE','ACTIF','LOUIS.HAIZE@gmail.com','COMM',to_date('30/12/16','DD/MM/RR'),'14');
INSERT INTO A_UTILISATEUR (UTILISATEUR_ID, NOM, PRENOM, STATUT, EMAIL, UTILISATEUR_TYPE, DATECREATION, ACT_ID) VALUES ('148','MICHEL','MAGGY','ACTIF','MICHEL.MAGGY@gmail.com','COMM',to_date('30/12/16','DD/MM/RR'),'14');
INSERT INTO A_UTILISATEUR (UTILISATEUR_ID, NOM, PRENOM, STATUT, EMAIL, UTILISATEUR_TYPE, DATECREATION, ACT_ID) VALUES ('149','YANIS','MARIE','ACTIF','YANIS.MARIE@gmail.com','COMM',to_date('30/12/16','DD/MM/RR'),'14');

-- DEMANDES


INSERT INTO A_DEMANDE (DEMANDE_ID, MONTANT, CREATION_DATE, TERME, STATUT, COMMISSION, ECHEANCE, PERIODICITE, UTILISATEUR_ID, FOURNISSEUR_ID, GARANT_ID) VALUES ('101001',36000,to_date('01/08/2017','DD/MM/RR'),'ECHU','ACCEPTED',540,1028,'MENS','101',null,null);
INSERT INTO A_DEMANDE (DEMANDE_ID, MONTANT, CREATION_DATE, TERME, STATUT, COMMISSION, ECHEANCE, PERIODICITE, UTILISATEUR_ID, FOURNISSEUR_ID, GARANT_ID) VALUES ('101206',33500,to_date('02/08/2017','DD/MM/RR'),'ECHU','ACCEPTED',502,957,'MENS','101',null,'G001');
INSERT INTO A_DEMANDE (DEMANDE_ID, MONTANT, CREATION_DATE, TERME, STATUT, COMMISSION, ECHEANCE, PERIODICITE, UTILISATEUR_ID, FOURNISSEUR_ID, GARANT_ID) VALUES ('101411',31000,to_date('03/08/2017','DD/MM/RR'),'ECHU','ACCEPTED',465,885,'MENS','101','F001','G002');
INSERT INTO A_DEMANDE (DEMANDE_ID, MONTANT, CREATION_DATE, TERME, STATUT, COMMISSION, ECHEANCE, PERIODICITE, UTILISATEUR_ID, FOURNISSEUR_ID, GARANT_ID) VALUES ('101616',28500,to_date('04/08/2017','DD/MM/RR'),'ECHU','ACCEPTED',427,814,'MENS','101','F002','G003');
INSERT INTO A_DEMANDE (DEMANDE_ID, MONTANT, CREATION_DATE, TERME, STATUT, COMMISSION, ECHEANCE, PERIODICITE, UTILISATEUR_ID, FOURNISSEUR_ID, GARANT_ID) VALUES ('101821',26000,to_date('05/08/2017','DD/MM/RR'),'ECHU','ACCEPTED',390,742,'MENS','101','F003','G004');
INSERT INTO A_DEMANDE (DEMANDE_ID, MONTANT, CREATION_DATE, TERME, STATUT, COMMISSION, ECHEANCE, PERIODICITE, UTILISATEUR_ID, FOURNISSEUR_ID, GARANT_ID) VALUES ('102026',23500,to_date('06/08/2017','DD/MM/RR'),'ECHU','ACCEPTED',352,671,'MENS','102','F004','G005');
INSERT INTO A_DEMANDE (DEMANDE_ID, MONTANT, CREATION_DATE, TERME, STATUT, COMMISSION, ECHEANCE, PERIODICITE, UTILISATEUR_ID, FOURNISSEUR_ID, GARANT_ID) VALUES ('102231',24500,to_date('07/08/2017','DD/MM/RR'),'ECHU','ACCEPTED',367,700,'MENS','102','F005','G006');
INSERT INTO A_DEMANDE (DEMANDE_ID, MONTANT, CREATION_DATE, TERME, STATUT, COMMISSION, ECHEANCE, PERIODICITE, UTILISATEUR_ID, FOURNISSEUR_ID, GARANT_ID) VALUES ('102436',25500,to_date('08/08/2017','DD/MM/RR'),'ECHU','ACCEPTED',382,728,'TRIM','102','F006','G007');
INSERT INTO A_DEMANDE (DEMANDE_ID, MONTANT, CREATION_DATE, TERME, STATUT, COMMISSION, ECHEANCE, PERIODICITE, UTILISATEUR_ID, FOURNISSEUR_ID, GARANT_ID) VALUES ('102641',26500,to_date('09/08/2017','DD/MM/RR'),'ECHU','ACCEPTED',397,757,'MENS','102','F007','G008');
INSERT INTO A_DEMANDE (DEMANDE_ID, MONTANT, CREATION_DATE, TERME, STATUT, COMMISSION, ECHEANCE, PERIODICITE, UTILISATEUR_ID, FOURNISSEUR_ID, GARANT_ID) VALUES ('102846',27500,to_date('10/08/2017','DD/MM/RR'),'ECHU','REFUSED',412,785,'MENS','102','F008',null);
INSERT INTO A_DEMANDE (DEMANDE_ID, MONTANT, CREATION_DATE, TERME, STATUT, COMMISSION, ECHEANCE, PERIODICITE, UTILISATEUR_ID, FOURNISSEUR_ID, GARANT_ID) VALUES ('103051',28500,to_date('11/08/2017','DD/MM/RR'),'ECHU','ACCEPTED',427,814,'MENS','103',null,null);
INSERT INTO A_DEMANDE (DEMANDE_ID, MONTANT, CREATION_DATE, TERME, STATUT, COMMISSION, ECHEANCE, PERIODICITE, UTILISATEUR_ID, FOURNISSEUR_ID, GARANT_ID) VALUES ('103256',29500,to_date('12/08/2017','DD/MM/RR'),'ECHU','ACCEPTED',442,842,'MENS','103',null,null);
INSERT INTO A_DEMANDE (DEMANDE_ID, MONTANT, CREATION_DATE, TERME, STATUT, COMMISSION, ECHEANCE, PERIODICITE, UTILISATEUR_ID, FOURNISSEUR_ID, GARANT_ID) VALUES ('103461',30500,to_date('13/08/2017','DD/MM/RR'),'ECHOIR','ACCEPTED',457,871,'MENS','103',null,null);
INSERT INTO A_DEMANDE (DEMANDE_ID, MONTANT, CREATION_DATE, TERME, STATUT, COMMISSION, ECHEANCE, PERIODICITE, UTILISATEUR_ID, FOURNISSEUR_ID, GARANT_ID) VALUES ('103666',31500,to_date('14/08/2017','DD/MM/RR'),'ECHU','ACCEPTED',472,900,'MENS','103',null,null);
INSERT INTO A_DEMANDE (DEMANDE_ID, MONTANT, CREATION_DATE, TERME, STATUT, COMMISSION, ECHEANCE, PERIODICITE, UTILISATEUR_ID, FOURNISSEUR_ID, GARANT_ID) VALUES ('103871',32500,to_date('15/08/2017','DD/MM/RR'),'ECHU','ACCEPTED',487,928,'MENS','103',null,null);
INSERT INTO A_DEMANDE (DEMANDE_ID, MONTANT, CREATION_DATE, TERME, STATUT, COMMISSION, ECHEANCE, PERIODICITE, UTILISATEUR_ID, FOURNISSEUR_ID, GARANT_ID) VALUES ('104076',33500,to_date('16/08/2017','DD/MM/RR'),'ECHU','ACCEPTED',502,957,'MENS','104','F001',null);
INSERT INTO A_DEMANDE (DEMANDE_ID, MONTANT, CREATION_DATE, TERME, STATUT, COMMISSION, ECHEANCE, PERIODICITE, UTILISATEUR_ID, FOURNISSEUR_ID, GARANT_ID) VALUES ('104281',34500,to_date('17/08/2017','DD/MM/RR'),'ECHU','ACCEPTED',517,985,'MENS','104','F002',null);
INSERT INTO A_DEMANDE (DEMANDE_ID, MONTANT, CREATION_DATE, TERME, STATUT, COMMISSION, ECHEANCE, PERIODICITE, UTILISATEUR_ID, FOURNISSEUR_ID, GARANT_ID) VALUES ('104486',35500,to_date('18/08/2017','DD/MM/RR'),'ECHU','ACCEPTED',532,1014,'MENS','104','F003',null);
INSERT INTO A_DEMANDE (DEMANDE_ID, MONTANT, CREATION_DATE, TERME, STATUT, COMMISSION, ECHEANCE, PERIODICITE, UTILISATEUR_ID, FOURNISSEUR_ID, GARANT_ID) VALUES ('104691',36500,to_date('19/08/2017','DD/MM/RR'),'ECHU','ACCEPTED',547,1042,'MENS','104','F004',null);
INSERT INTO A_DEMANDE (DEMANDE_ID, MONTANT, CREATION_DATE, TERME, STATUT, COMMISSION, ECHEANCE, PERIODICITE, UTILISATEUR_ID, FOURNISSEUR_ID, GARANT_ID) VALUES ('104896',37500,to_date('20/08/2017','DD/MM/RR'),'ECHU','ACCEPTED',562,1071,'MENS','104','F005',null);
INSERT INTO A_DEMANDE (DEMANDE_ID, MONTANT, CREATION_DATE, TERME, STATUT, COMMISSION, ECHEANCE, PERIODICITE, UTILISATEUR_ID, FOURNISSEUR_ID, GARANT_ID) VALUES ('105101',38500,to_date('21/08/2017','DD/MM/RR'),'ECHU','ACCEPTED',577,1100,'MENS','105','F006',null);
INSERT INTO A_DEMANDE (DEMANDE_ID, MONTANT, CREATION_DATE, TERME, STATUT, COMMISSION, ECHEANCE, PERIODICITE, UTILISATEUR_ID, FOURNISSEUR_ID, GARANT_ID) VALUES ('105306',39500,to_date('22/08/2017','DD/MM/RR'),'ECHU','ACCEPTED',592,1128,'MENS','105','F007',null);
INSERT INTO A_DEMANDE (DEMANDE_ID, MONTANT, CREATION_DATE, TERME, STATUT, COMMISSION, ECHEANCE, PERIODICITE, UTILISATEUR_ID, FOURNISSEUR_ID, GARANT_ID) VALUES ('105511',40500,to_date('23/08/2017','DD/MM/RR'),'ECHU','ACCEPTED',607,1157,'MENS','105','F008',null);
INSERT INTO A_DEMANDE (DEMANDE_ID, MONTANT, CREATION_DATE, TERME, STATUT, COMMISSION, ECHEANCE, PERIODICITE, UTILISATEUR_ID, FOURNISSEUR_ID, GARANT_ID) VALUES ('105716',41500,to_date('24/08/2017','DD/MM/RR'),'ECHU','REFUSED',622,1185,'MENS','105',null,null);
INSERT INTO A_DEMANDE (DEMANDE_ID, MONTANT, CREATION_DATE, TERME, STATUT, COMMISSION, ECHEANCE, PERIODICITE, UTILISATEUR_ID, FOURNISSEUR_ID, GARANT_ID) VALUES ('105921',42500,to_date('25/08/2017','DD/MM/RR'),'ECHU','ACCEPTED',637,1214,'MENS','105',null,null);
INSERT INTO A_DEMANDE (DEMANDE_ID, MONTANT, CREATION_DATE, TERME, STATUT, COMMISSION, ECHEANCE, PERIODICITE, UTILISATEUR_ID, FOURNISSEUR_ID, GARANT_ID) VALUES ('106126',43500,to_date('26/08/2017','DD/MM/RR'),'ECHU','ACCEPTED',652,1242,'MENS','106',null,null);
INSERT INTO A_DEMANDE (DEMANDE_ID, MONTANT, CREATION_DATE, TERME, STATUT, COMMISSION, ECHEANCE, PERIODICITE, UTILISATEUR_ID, FOURNISSEUR_ID, GARANT_ID) VALUES ('106331',44500,to_date('27/08/2017','DD/MM/RR'),'ECHU','ACCEPTED',667,1271,'MENS','106',null,null);
INSERT INTO A_DEMANDE (DEMANDE_ID, MONTANT, CREATION_DATE, TERME, STATUT, COMMISSION, ECHEANCE, PERIODICITE, UTILISATEUR_ID, FOURNISSEUR_ID, GARANT_ID) VALUES ('106536',45500,to_date('28/08/2017','DD/MM/RR'),'ECHU','ACCEPTED',682,1300,'MENS','106',null,null);
INSERT INTO A_DEMANDE (DEMANDE_ID, MONTANT, CREATION_DATE, TERME, STATUT, COMMISSION, ECHEANCE, PERIODICITE, UTILISATEUR_ID, FOURNISSEUR_ID, GARANT_ID) VALUES ('106741',46500,to_date('29/08/2017','DD/MM/RR'),'ECHU','ACCEPTED',697,1328,'MENS','106',null,null);
INSERT INTO A_DEMANDE (DEMANDE_ID, MONTANT, CREATION_DATE, TERME, STATUT, COMMISSION, ECHEANCE, PERIODICITE, UTILISATEUR_ID, FOURNISSEUR_ID, GARANT_ID) VALUES ('106946',47500,to_date('30/08/2017','DD/MM/RR'),'ECHU','ACCEPTED',712,1357,'MENS','106','F001',null);
INSERT INTO A_DEMANDE (DEMANDE_ID, MONTANT, CREATION_DATE, TERME, STATUT, COMMISSION, ECHEANCE, PERIODICITE, UTILISATEUR_ID, FOURNISSEUR_ID, GARANT_ID) VALUES ('107151',48500,to_date('31/08/2017','DD/MM/RR'),'ECHU','ACCEPTED',727,1385,'MENS','107','F002',null);
INSERT INTO A_DEMANDE (DEMANDE_ID, MONTANT, CREATION_DATE, TERME, STATUT, COMMISSION, ECHEANCE, PERIODICITE, UTILISATEUR_ID, FOURNISSEUR_ID, GARANT_ID) VALUES ('107456',49500,to_date('01/09/2017','DD/MM/RR'),'ECHU','ACCEPTED',742,1414,'MENS','107','F003',null);
INSERT INTO A_DEMANDE (DEMANDE_ID, MONTANT, CREATION_DATE, TERME, STATUT, COMMISSION, ECHEANCE, PERIODICITE, UTILISATEUR_ID, FOURNISSEUR_ID, GARANT_ID) VALUES ('107661',50500,to_date('02/09/2017','DD/MM/RR'),'ECHU','ACCEPTED',757,1442,'MENS','107','F004','G001');
INSERT INTO A_DEMANDE (DEMANDE_ID, MONTANT, CREATION_DATE, TERME, STATUT, COMMISSION, ECHEANCE, PERIODICITE, UTILISATEUR_ID, FOURNISSEUR_ID, GARANT_ID) VALUES ('107866',51500,to_date('03/09/2017','DD/MM/RR'),'ECHU','ACCEPTED',772,1471,'MENS','107','F005','G002');
INSERT INTO A_DEMANDE (DEMANDE_ID, MONTANT, CREATION_DATE, TERME, STATUT, COMMISSION, ECHEANCE, PERIODICITE, UTILISATEUR_ID, FOURNISSEUR_ID, GARANT_ID) VALUES ('108071',52500,to_date('04/09/2017','DD/MM/RR'),'ECHU','ACCEPTED',787,1500,'TRIM','108','F006','G003');
INSERT INTO A_DEMANDE (DEMANDE_ID, MONTANT, CREATION_DATE, TERME, STATUT, COMMISSION, ECHEANCE, PERIODICITE, UTILISATEUR_ID, FOURNISSEUR_ID, GARANT_ID) VALUES ('108276',53500,to_date('05/09/2017','DD/MM/RR'),'ECHU','ACCEPTED',802,1528,'MENS','108','F007','G004');
INSERT INTO A_DEMANDE (DEMANDE_ID, MONTANT, CREATION_DATE, TERME, STATUT, COMMISSION, ECHEANCE, PERIODICITE, UTILISATEUR_ID, FOURNISSEUR_ID, GARANT_ID) VALUES ('108481',54500,to_date('06/09/2017','DD/MM/RR'),'ECHU','ACCEPTED',817,1557,'MENS','108','F008','G005');
INSERT INTO A_DEMANDE (DEMANDE_ID, MONTANT, CREATION_DATE, TERME, STATUT, COMMISSION, ECHEANCE, PERIODICITE, UTILISATEUR_ID, FOURNISSEUR_ID, GARANT_ID) VALUES ('108686',55500,to_date('07/09/2017','DD/MM/RR'),'ECHU','ACCEPTED',832,1585,'MENS','108',null,'G006');
INSERT INTO A_DEMANDE (DEMANDE_ID, MONTANT, CREATION_DATE, TERME, STATUT, COMMISSION, ECHEANCE, PERIODICITE, UTILISATEUR_ID, FOURNISSEUR_ID, GARANT_ID) VALUES ('108891',56500,to_date('08/09/2017','DD/MM/RR'),'ECHU','ACCEPTED',847,1614,'MENS','108',null,'G007');
INSERT INTO A_DEMANDE (DEMANDE_ID, MONTANT, CREATION_DATE, TERME, STATUT, COMMISSION, ECHEANCE, PERIODICITE, UTILISATEUR_ID, FOURNISSEUR_ID, GARANT_ID) VALUES ('109096',57500,to_date('09/09/2017','DD/MM/RR'),'ECHU','ACCEPTED',862,1642,'MENS','109',null,'G008');
INSERT INTO A_DEMANDE (DEMANDE_ID, MONTANT, CREATION_DATE, TERME, STATUT, COMMISSION, ECHEANCE, PERIODICITE, UTILISATEUR_ID, FOURNISSEUR_ID, GARANT_ID) VALUES ('109301',58500,to_date('10/09/2017','DD/MM/RR'),'ECHOIR','ACCEPTED',877,1671,'MENS','109',null,null);
INSERT INTO A_DEMANDE (DEMANDE_ID, MONTANT, CREATION_DATE, TERME, STATUT, COMMISSION, ECHEANCE, PERIODICITE, UTILISATEUR_ID, FOURNISSEUR_ID, GARANT_ID) VALUES ('109506',59500,to_date('11/09/2017','DD/MM/RR'),'ECHOIR','ACCEPTED',892,1700,'MENS','109','F001',null);
INSERT INTO A_DEMANDE (DEMANDE_ID, MONTANT, CREATION_DATE, TERME, STATUT, COMMISSION, ECHEANCE, PERIODICITE, UTILISATEUR_ID, FOURNISSEUR_ID, GARANT_ID) VALUES ('109711',60500,to_date('12/09/2017','DD/MM/RR'),'ECHOIR','ACCEPTED',907,1728,'MENS','109','F002',null);
INSERT INTO A_DEMANDE (DEMANDE_ID, MONTANT, CREATION_DATE, TERME, STATUT, COMMISSION, ECHEANCE, PERIODICITE, UTILISATEUR_ID, FOURNISSEUR_ID, GARANT_ID) VALUES ('109916',61500,to_date('13/09/2017','DD/MM/RR'),'ECHU','ACCEPTED',922,1757,'MENS','109','F003',null);
INSERT INTO A_DEMANDE (DEMANDE_ID, MONTANT, CREATION_DATE, TERME, STATUT, COMMISSION, ECHEANCE, PERIODICITE, UTILISATEUR_ID, FOURNISSEUR_ID, GARANT_ID) VALUES ('110121',62500,to_date('14/09/2017','DD/MM/RR'),'ECHU','ACCEPTED',937,1785,'MENS','110','F004',null);
INSERT INTO A_DEMANDE (DEMANDE_ID, MONTANT, CREATION_DATE, TERME, STATUT, COMMISSION, ECHEANCE, PERIODICITE, UTILISATEUR_ID, FOURNISSEUR_ID, GARANT_ID) VALUES ('110521',63500,to_date('15/09/2017','DD/MM/RR'),'ECHU','ACCEPTED',952,1814,'MENS','110','F005',null);
INSERT INTO A_DEMANDE (DEMANDE_ID, MONTANT, CREATION_DATE, TERME, STATUT, COMMISSION, ECHEANCE, PERIODICITE, UTILISATEUR_ID, FOURNISSEUR_ID, GARANT_ID) VALUES ('110726',64500,to_date('16/09/2017','DD/MM/RR'),'ECHU','ACCEPTED',967,1842,'MENS','110','F006',null);
INSERT INTO A_DEMANDE (DEMANDE_ID, MONTANT, CREATION_DATE, TERME, STATUT, COMMISSION, ECHEANCE, PERIODICITE, UTILISATEUR_ID, FOURNISSEUR_ID, GARANT_ID) VALUES ('110931',65500,to_date('17/09/2017','DD/MM/RR'),'ECHU','REFUSED',982,1871,'MENS','110','F007',null);
INSERT INTO A_DEMANDE (DEMANDE_ID, MONTANT, CREATION_DATE, TERME, STATUT, COMMISSION, ECHEANCE, PERIODICITE, UTILISATEUR_ID, FOURNISSEUR_ID, GARANT_ID) VALUES ('111136',66500,to_date('18/09/2017','DD/MM/RR'),'ECHU','ACCEPTED',997,1900,'MENS','111','F008',null);
INSERT INTO A_DEMANDE (DEMANDE_ID, MONTANT, CREATION_DATE, TERME, STATUT, COMMISSION, ECHEANCE, PERIODICITE, UTILISATEUR_ID, FOURNISSEUR_ID, GARANT_ID) VALUES ('111341',67500,to_date('19/09/2017','DD/MM/RR'),'ECHU','ACCEPTED',1012,1928,'MENS','111','F006',null);
INSERT INTO A_DEMANDE (DEMANDE_ID, MONTANT, CREATION_DATE, TERME, STATUT, COMMISSION, ECHEANCE, PERIODICITE, UTILISATEUR_ID, FOURNISSEUR_ID, GARANT_ID) VALUES ('111546',68500,to_date('20/09/2017','DD/MM/RR'),'ECHU','ACCEPTED',1027,1957,'MENS','111','F007',null);
INSERT INTO A_DEMANDE (DEMANDE_ID, MONTANT, CREATION_DATE, TERME, STATUT, COMMISSION, ECHEANCE, PERIODICITE, UTILISATEUR_ID, FOURNISSEUR_ID, GARANT_ID) VALUES ('111561',69500,to_date('21/09/2017','DD/MM/RR'),'ECHU','ACCEPTED',1042,1985,'MENS','111','F008',null);
INSERT INTO A_DEMANDE (DEMANDE_ID, MONTANT, CREATION_DATE, TERME, STATUT, COMMISSION, ECHEANCE, PERIODICITE, UTILISATEUR_ID, FOURNISSEUR_ID, GARANT_ID) VALUES ('111766',70500,to_date('22/09/2017','DD/MM/RR'),'ECHU','ACCEPTED',1057,2014,'MENS','111',null,null);
INSERT INTO A_DEMANDE (DEMANDE_ID, MONTANT, CREATION_DATE, TERME, STATUT, COMMISSION, ECHEANCE, PERIODICITE, UTILISATEUR_ID, FOURNISSEUR_ID, GARANT_ID) VALUES ('111971',70000,to_date('23/09/2017','DD/MM/RR'),'ECHU','ACCEPTED',1050,2000,'MENS','111',null,null);
INSERT INTO A_DEMANDE (DEMANDE_ID, MONTANT, CREATION_DATE, TERME, STATUT, COMMISSION, ECHEANCE, PERIODICITE, UTILISATEUR_ID, FOURNISSEUR_ID, GARANT_ID) VALUES ('112176',69500,to_date('24/09/2017','DD/MM/RR'),'ECHU','ACCEPTED',1042,1985,'MENS','112',null,null);
INSERT INTO A_DEMANDE (DEMANDE_ID, MONTANT, CREATION_DATE, TERME, STATUT, COMMISSION, ECHEANCE, PERIODICITE, UTILISATEUR_ID, FOURNISSEUR_ID, GARANT_ID) VALUES ('112381',69000,to_date('25/09/2017','DD/MM/RR'),'ECHU','ACCEPTED',1035,1971,'MENS','112',null,null);
INSERT INTO A_DEMANDE (DEMANDE_ID, MONTANT, CREATION_DATE, TERME, STATUT, COMMISSION, ECHEANCE, PERIODICITE, UTILISATEUR_ID, FOURNISSEUR_ID, GARANT_ID) VALUES ('112586',68500,to_date('26/09/2017','DD/MM/RR'),'ECHU','ACCEPTED',1027,1957,'MENS','112',null,'G001');
INSERT INTO A_DEMANDE (DEMANDE_ID, MONTANT, CREATION_DATE, TERME, STATUT, COMMISSION, ECHEANCE, PERIODICITE, UTILISATEUR_ID, FOURNISSEUR_ID, GARANT_ID) VALUES ('112791',68000,to_date('27/09/2017','DD/MM/RR'),'ECHU','ACCEPTED',1020,1942,'MENS','112','F001','G002');
INSERT INTO A_DEMANDE (DEMANDE_ID, MONTANT, CREATION_DATE, TERME, STATUT, COMMISSION, ECHEANCE, PERIODICITE, UTILISATEUR_ID, FOURNISSEUR_ID, GARANT_ID) VALUES ('112896',67500,to_date('28/09/2017','DD/MM/RR'),'ECHU','ACCEPTED',1012,1928,'MENS','112','F002','G003');
INSERT INTO A_DEMANDE (DEMANDE_ID, MONTANT, CREATION_DATE, TERME, STATUT, COMMISSION, ECHEANCE, PERIODICITE, UTILISATEUR_ID, FOURNISSEUR_ID, GARANT_ID) VALUES ('113101',67000,to_date('29/09/2017','DD/MM/RR'),'ECHU','REFUSED',1005,1914,'MENS','113','F003','G004');
INSERT INTO A_DEMANDE (DEMANDE_ID, MONTANT, CREATION_DATE, TERME, STATUT, COMMISSION, ECHEANCE, PERIODICITE, UTILISATEUR_ID, FOURNISSEUR_ID, GARANT_ID) VALUES ('113306',66500,to_date('30/09/2017','DD/MM/RR'),'ECHU','ACCEPTED',997,1900,'MENS','113','F004','G005');
INSERT INTO A_DEMANDE (DEMANDE_ID, MONTANT, CREATION_DATE, TERME, STATUT, COMMISSION, ECHEANCE, PERIODICITE, UTILISATEUR_ID, FOURNISSEUR_ID, GARANT_ID) VALUES ('113511',66000,to_date('01/10/2017','DD/MM/RR'),'ECHU','ACCEPTED',990,1885,'MENS','113','F005','G006');
INSERT INTO A_DEMANDE (DEMANDE_ID, MONTANT, CREATION_DATE, TERME, STATUT, COMMISSION, ECHEANCE, PERIODICITE, UTILISATEUR_ID, FOURNISSEUR_ID, GARANT_ID) VALUES ('113716',65500,to_date('02/10/2017','DD/MM/RR'),'ECHU','ACCEPTED',982,1871,'MENS','113','F006','G007');
INSERT INTO A_DEMANDE (DEMANDE_ID, MONTANT, CREATION_DATE, TERME, STATUT, COMMISSION, ECHEANCE, PERIODICITE, UTILISATEUR_ID, FOURNISSEUR_ID, GARANT_ID) VALUES ('113921',65000,to_date('03/10/2017','DD/MM/RR'),'ECHU','ACCEPTED',975,1857,'MENS','113','F007','G008');
INSERT INTO A_DEMANDE (DEMANDE_ID, MONTANT, CREATION_DATE, TERME, STATUT, COMMISSION, ECHEANCE, PERIODICITE, UTILISATEUR_ID, FOURNISSEUR_ID, GARANT_ID) VALUES ('114126',64500,to_date('04/10/2017','DD/MM/RR'),'ECHU','ACCEPTED',967,1842,'MENS','114','F008',null);
INSERT INTO A_DEMANDE (DEMANDE_ID, MONTANT, CREATION_DATE, TERME, STATUT, COMMISSION, ECHEANCE, PERIODICITE, UTILISATEUR_ID, FOURNISSEUR_ID, GARANT_ID) VALUES ('114331',64000,to_date('05/10/2017','DD/MM/RR'),'ECHU','ACCEPTED',960,1828,'MENS','114','F005',null);
INSERT INTO A_DEMANDE (DEMANDE_ID, MONTANT, CREATION_DATE, TERME, STATUT, COMMISSION, ECHEANCE, PERIODICITE, UTILISATEUR_ID, FOURNISSEUR_ID, GARANT_ID) VALUES ('114536',63500,to_date('06/10/2017','DD/MM/RR'),'ECHU','ACCEPTED',952,1814,'MENS','114','F006',null);
INSERT INTO A_DEMANDE (DEMANDE_ID, MONTANT, CREATION_DATE, TERME, STATUT, COMMISSION, ECHEANCE, PERIODICITE, UTILISATEUR_ID, FOURNISSEUR_ID, GARANT_ID) VALUES ('115041',63000,to_date('07/10/2017','DD/MM/RR'),'ECHU','ACCEPTED',945,1800,'MENS','115','F007',null);
INSERT INTO A_DEMANDE (DEMANDE_ID, MONTANT, CREATION_DATE, TERME, STATUT, COMMISSION, ECHEANCE, PERIODICITE, UTILISATEUR_ID, FOURNISSEUR_ID, GARANT_ID) VALUES ('115246',62500,to_date('08/10/2017','DD/MM/RR'),'ECHU','ACCEPTED',937,1785,'MENS','115','F008',null);
INSERT INTO A_DEMANDE (DEMANDE_ID, MONTANT, CREATION_DATE, TERME, STATUT, COMMISSION, ECHEANCE, PERIODICITE, UTILISATEUR_ID, FOURNISSEUR_ID, GARANT_ID) VALUES ('115451',62000,to_date('09/10/2017','DD/MM/RR'),'ECHOIR','ACCEPTED',930,1771,'MENS','115',null,null);
INSERT INTO A_DEMANDE (DEMANDE_ID, MONTANT, CREATION_DATE, TERME, STATUT, COMMISSION, ECHEANCE, PERIODICITE, UTILISATEUR_ID, FOURNISSEUR_ID, GARANT_ID) VALUES ('115656',61500,to_date('10/10/2017','DD/MM/RR'),'ECHOIR','ACCEPTED',922,1757,'MENS','115','F001',null);
INSERT INTO A_DEMANDE (DEMANDE_ID, MONTANT, CREATION_DATE, TERME, STATUT, COMMISSION, ECHEANCE, PERIODICITE, UTILISATEUR_ID, FOURNISSEUR_ID, GARANT_ID) VALUES ('115861',61000,to_date('11/10/2017','DD/MM/RR'),'ECHOIR','ACCEPTED',915,1742,'MENS','115','F002','G001');
INSERT INTO A_DEMANDE (DEMANDE_ID, MONTANT, CREATION_DATE, TERME, STATUT, COMMISSION, ECHEANCE, PERIODICITE, UTILISATEUR_ID, FOURNISSEUR_ID, GARANT_ID) VALUES ('116066',60500,to_date('12/10/2017','DD/MM/RR'),'ECHOIR','ACCEPTED',907,1728,'MENS','116','F003','G002');
INSERT INTO A_DEMANDE (DEMANDE_ID, MONTANT, CREATION_DATE, TERME, STATUT, COMMISSION, ECHEANCE, PERIODICITE, UTILISATEUR_ID, FOURNISSEUR_ID, GARANT_ID) VALUES ('116271',60000,to_date('13/10/2017','DD/MM/RR'),'ECHU','ACCEPTED',900,1714,'MENS','116','F004','G003');
INSERT INTO A_DEMANDE (DEMANDE_ID, MONTANT, CREATION_DATE, TERME, STATUT, COMMISSION, ECHEANCE, PERIODICITE, UTILISATEUR_ID, FOURNISSEUR_ID, GARANT_ID) VALUES ('116476',59500,to_date('14/10/2017','DD/MM/RR'),'ECHU','ACCEPTED',892,1700,'MENS','116','F005','G004');
INSERT INTO A_DEMANDE (DEMANDE_ID, MONTANT, CREATION_DATE, TERME, STATUT, COMMISSION, ECHEANCE, PERIODICITE, UTILISATEUR_ID, FOURNISSEUR_ID, GARANT_ID) VALUES ('116681',59000,to_date('15/10/2017','DD/MM/RR'),'ECHU','ACCEPTED',885,1685,'MENS','116','F006','G005');
INSERT INTO A_DEMANDE (DEMANDE_ID, MONTANT, CREATION_DATE, TERME, STATUT, COMMISSION, ECHEANCE, PERIODICITE, UTILISATEUR_ID, FOURNISSEUR_ID, GARANT_ID) VALUES ('116886',58500,to_date('16/10/2017','DD/MM/RR'),'ECHU','ACCEPTED',877,1671,'MENS','116','F007','G006');
INSERT INTO A_DEMANDE (DEMANDE_ID, MONTANT, CREATION_DATE, TERME, STATUT, COMMISSION, ECHEANCE, PERIODICITE, UTILISATEUR_ID, FOURNISSEUR_ID, GARANT_ID) VALUES ('117091',58000,to_date('17/10/2017','DD/MM/RR'),'ECHU','ACCEPTED',870,1657,'MENS','117','F008','G007');
INSERT INTO A_DEMANDE (DEMANDE_ID, MONTANT, CREATION_DATE, TERME, STATUT, COMMISSION, ECHEANCE, PERIODICITE, UTILISATEUR_ID, FOURNISSEUR_ID, GARANT_ID) VALUES ('117296',57500,to_date('18/10/2017','DD/MM/RR'),'ECHU','ACCEPTED',862,1642,'MENS','117','F002','G008');
INSERT INTO A_DEMANDE (DEMANDE_ID, MONTANT, CREATION_DATE, TERME, STATUT, COMMISSION, ECHEANCE, PERIODICITE, UTILISATEUR_ID, FOURNISSEUR_ID, GARANT_ID) VALUES ('117501',57000,to_date('19/10/2017','DD/MM/RR'),'ECHU','ACCEPTED',855,1628,'MENS','117','F003',null);
INSERT INTO A_DEMANDE (DEMANDE_ID, MONTANT, CREATION_DATE, TERME, STATUT, COMMISSION, ECHEANCE, PERIODICITE, UTILISATEUR_ID, FOURNISSEUR_ID, GARANT_ID) VALUES ('117706',56500,to_date('20/10/2017','DD/MM/RR'),'ECHU','ACCEPTED',847,1614,'MENS','117','F004',null);
INSERT INTO A_DEMANDE (DEMANDE_ID, MONTANT, CREATION_DATE, TERME, STATUT, COMMISSION, ECHEANCE, PERIODICITE, UTILISATEUR_ID, FOURNISSEUR_ID, GARANT_ID) VALUES ('117911',56000,to_date('21/10/2017','DD/MM/RR'),'ECHU','ACCEPTED',840,1600,'MENS','117','F005',null);
INSERT INTO A_DEMANDE (DEMANDE_ID, MONTANT, CREATION_DATE, TERME, STATUT, COMMISSION, ECHEANCE, PERIODICITE, UTILISATEUR_ID, FOURNISSEUR_ID, GARANT_ID) VALUES ('118116',55500,to_date('22/10/2017','DD/MM/RR'),'ECHU','ACCEPTED',832,1585,'MENS','118','F006',null);
INSERT INTO A_DEMANDE (DEMANDE_ID, MONTANT, CREATION_DATE, TERME, STATUT, COMMISSION, ECHEANCE, PERIODICITE, UTILISATEUR_ID, FOURNISSEUR_ID, GARANT_ID) VALUES ('118321',55000,to_date('23/10/2017','DD/MM/RR'),'ECHU','ACCEPTED',825,1571,'MENS','118','F007',null);
INSERT INTO A_DEMANDE (DEMANDE_ID, MONTANT, CREATION_DATE, TERME, STATUT, COMMISSION, ECHEANCE, PERIODICITE, UTILISATEUR_ID, FOURNISSEUR_ID, GARANT_ID) VALUES ('118526',54500,to_date('24/10/2017','DD/MM/RR'),'ECHU','ACCEPTED',817,1557,'MENS','118','F008',null);
INSERT INTO A_DEMANDE (DEMANDE_ID, MONTANT, CREATION_DATE, TERME, STATUT, COMMISSION, ECHEANCE, PERIODICITE, UTILISATEUR_ID, FOURNISSEUR_ID, GARANT_ID) VALUES ('118731',54000,to_date('25/10/2017','DD/MM/RR'),'ECHU','ACCEPTED',810,1542,'MENS','118',null,null);
INSERT INTO A_DEMANDE (DEMANDE_ID, MONTANT, CREATION_DATE, TERME, STATUT, COMMISSION, ECHEANCE, PERIODICITE, UTILISATEUR_ID, FOURNISSEUR_ID, GARANT_ID) VALUES ('118936',53500,to_date('26/10/2017','DD/MM/RR'),'ECHU','ACCEPTED',802,1528,'MENS','118',null,'G001');
INSERT INTO A_DEMANDE (DEMANDE_ID, MONTANT, CREATION_DATE, TERME, STATUT, COMMISSION, ECHEANCE, PERIODICITE, UTILISATEUR_ID, FOURNISSEUR_ID, GARANT_ID) VALUES ('119141',53000,to_date('27/10/2017','DD/MM/RR'),'ECHU','REFUSED',795,1514,'MENS','119',null,'G002');
INSERT INTO A_DEMANDE (DEMANDE_ID, MONTANT, CREATION_DATE, TERME, STATUT, COMMISSION, ECHEANCE, PERIODICITE, UTILISATEUR_ID, FOURNISSEUR_ID, GARANT_ID) VALUES ('119346',52500,to_date('28/10/2017','DD/MM/RR'),'ECHU','ACCEPTED',787,1500,'MENS','119',null,'G003');
INSERT INTO A_DEMANDE (DEMANDE_ID, MONTANT, CREATION_DATE, TERME, STATUT, COMMISSION, ECHEANCE, PERIODICITE, UTILISATEUR_ID, FOURNISSEUR_ID, GARANT_ID) VALUES ('119551',52000,to_date('29/10/2017','DD/MM/RR'),'ECHU','ACCEPTED',780,1485,'MENS','119',null,'G004');
INSERT INTO A_DEMANDE (DEMANDE_ID, MONTANT, CREATION_DATE, TERME, STATUT, COMMISSION, ECHEANCE, PERIODICITE, UTILISATEUR_ID, FOURNISSEUR_ID, GARANT_ID) VALUES ('119756',51500,to_date('30/10/2017','DD/MM/RR'),'ECHOIR','ACCEPTED',772,1471,'MENS','119','F001','G005');
INSERT INTO A_DEMANDE (DEMANDE_ID, MONTANT, CREATION_DATE, TERME, STATUT, COMMISSION, ECHEANCE, PERIODICITE, UTILISATEUR_ID, FOURNISSEUR_ID, GARANT_ID) VALUES ('119961',51000,to_date('31/10/2017','DD/MM/RR'),'ECHU','ACCEPTED',765,1457,'TRIM','119','F002','G006');
INSERT INTO A_DEMANDE (DEMANDE_ID, MONTANT, CREATION_DATE, TERME, STATUT, COMMISSION, ECHEANCE, PERIODICITE, UTILISATEUR_ID, FOURNISSEUR_ID, GARANT_ID) VALUES ('120166',50500,to_date('01/11/2017','DD/MM/RR'),'ECHU','ACCEPTED',757,1442,'MENS','120','F003','G007');
INSERT INTO A_DEMANDE (DEMANDE_ID, MONTANT, CREATION_DATE, TERME, STATUT, COMMISSION, ECHEANCE, PERIODICITE, UTILISATEUR_ID, FOURNISSEUR_ID, GARANT_ID) VALUES ('120371',50000,to_date('02/11/2017','DD/MM/RR'),'ECHU','ACCEPTED',750,1428,'MENS','120','F004','G008');
INSERT INTO A_DEMANDE (DEMANDE_ID, MONTANT, CREATION_DATE, TERME, STATUT, COMMISSION, ECHEANCE, PERIODICITE, UTILISATEUR_ID, FOURNISSEUR_ID, GARANT_ID) VALUES ('120576',49500,to_date('03/11/2017','DD/MM/RR'),'ECHU','ACCEPTED',742,1414,'MENS','120','F005',null);
INSERT INTO A_DEMANDE (DEMANDE_ID, MONTANT, CREATION_DATE, TERME, STATUT, COMMISSION, ECHEANCE, PERIODICITE, UTILISATEUR_ID, FOURNISSEUR_ID, GARANT_ID) VALUES ('120781',49000,to_date('04/11/2017','DD/MM/RR'),'ECHU','ACCEPTED',735,1400,'MENS','120','F006',null);
INSERT INTO A_DEMANDE (DEMANDE_ID, MONTANT, CREATION_DATE, TERME, STATUT, COMMISSION, ECHEANCE, PERIODICITE, UTILISATEUR_ID, FOURNISSEUR_ID, GARANT_ID) VALUES ('120986',48500,to_date('05/11/2017','DD/MM/RR'),'ECHU','ACCEPTED',727,1385,'MENS','120','F007',null);
INSERT INTO A_DEMANDE (DEMANDE_ID, MONTANT, CREATION_DATE, TERME, STATUT, COMMISSION, ECHEANCE, PERIODICITE, UTILISATEUR_ID, FOURNISSEUR_ID, GARANT_ID) VALUES ('121191',48000,to_date('06/11/2017','DD/MM/RR'),'ECHU','ACCEPTED',720,1371,'MENS','121','F008',null);
INSERT INTO A_DEMANDE (DEMANDE_ID, MONTANT, CREATION_DATE, TERME, STATUT, COMMISSION, ECHEANCE, PERIODICITE, UTILISATEUR_ID, FOURNISSEUR_ID, GARANT_ID) VALUES ('121396',47500,to_date('07/11/2017','DD/MM/RR'),'ECHOIR','ACCEPTED',712,1357,'MENS','121','F001',null);
INSERT INTO A_DEMANDE (DEMANDE_ID, MONTANT, CREATION_DATE, TERME, STATUT, COMMISSION, ECHEANCE, PERIODICITE, UTILISATEUR_ID, FOURNISSEUR_ID, GARANT_ID) VALUES ('121601',47000,to_date('08/11/2017','DD/MM/RR'),'ECHOIR','ACCEPTED',705,1342,'TRIM','121','F002',null);
INSERT INTO A_DEMANDE (DEMANDE_ID, MONTANT, CREATION_DATE, TERME, STATUT, COMMISSION, ECHEANCE, PERIODICITE, UTILISATEUR_ID, FOURNISSEUR_ID, GARANT_ID) VALUES ('121806',46500,to_date('09/11/2017','DD/MM/RR'),'ECHOIR','ACCEPTED',697,1328,'MENS','121','F003',null);
INSERT INTO A_DEMANDE (DEMANDE_ID, MONTANT, CREATION_DATE, TERME, STATUT, COMMISSION, ECHEANCE, PERIODICITE, UTILISATEUR_ID, FOURNISSEUR_ID, GARANT_ID) VALUES ('122011',46000,to_date('10/11/2017','DD/MM/RR'),'ECHOIR','ACCEPTED',690,1314,'MENS','122','F001',null);
INSERT INTO A_DEMANDE (DEMANDE_ID, MONTANT, CREATION_DATE, TERME, STATUT, COMMISSION, ECHEANCE, PERIODICITE, UTILISATEUR_ID, FOURNISSEUR_ID, GARANT_ID) VALUES ('122216',45500,to_date('11/11/2017','DD/MM/RR'),'ECHU','ACCEPTED',682,1300,'MENS','122','F002',null);
INSERT INTO A_DEMANDE (DEMANDE_ID, MONTANT, CREATION_DATE, TERME, STATUT, COMMISSION, ECHEANCE, PERIODICITE, UTILISATEUR_ID, FOURNISSEUR_ID, GARANT_ID) VALUES ('122421',45000,to_date('12/11/2017','DD/MM/RR'),'ECHU','ACCEPTED',675,1285,'MENS','122','F003',null);
INSERT INTO A_DEMANDE (DEMANDE_ID, MONTANT, CREATION_DATE, TERME, STATUT, COMMISSION, ECHEANCE, PERIODICITE, UTILISATEUR_ID, FOURNISSEUR_ID, GARANT_ID) VALUES ('122626',44500,to_date('13/11/2017','DD/MM/RR'),'ECHU','ACCEPTED',667,1271,'MENS','122','F004','G001');
INSERT INTO A_DEMANDE (DEMANDE_ID, MONTANT, CREATION_DATE, TERME, STATUT, COMMISSION, ECHEANCE, PERIODICITE, UTILISATEUR_ID, FOURNISSEUR_ID, GARANT_ID) VALUES ('122831',44000,to_date('14/11/2017','DD/MM/RR'),'ECHU','ACCEPTED',660,1257,'MENS','122','F005','G002');
INSERT INTO A_DEMANDE (DEMANDE_ID, MONTANT, CREATION_DATE, TERME, STATUT, COMMISSION, ECHEANCE, PERIODICITE, UTILISATEUR_ID, FOURNISSEUR_ID, GARANT_ID) VALUES ('123036',43500,to_date('15/11/2017','DD/MM/RR'),'ECHU','ACCEPTED',652,1242,'MENS','123','F006','G003');
INSERT INTO A_DEMANDE (DEMANDE_ID, MONTANT, CREATION_DATE, TERME, STATUT, COMMISSION, ECHEANCE, PERIODICITE, UTILISATEUR_ID, FOURNISSEUR_ID, GARANT_ID) VALUES ('123241',43000,to_date('16/11/2017','DD/MM/RR'),'ECHU','ACCEPTED',645,1228,'MENS','123','F007','G004');
INSERT INTO A_DEMANDE (DEMANDE_ID, MONTANT, CREATION_DATE, TERME, STATUT, COMMISSION, ECHEANCE, PERIODICITE, UTILISATEUR_ID, FOURNISSEUR_ID, GARANT_ID) VALUES ('123446',42500,to_date('17/11/2017','DD/MM/RR'),'ECHU','ACCEPTED',637,1214,'MENS','123','F008','G005');
INSERT INTO A_DEMANDE (DEMANDE_ID, MONTANT, CREATION_DATE, TERME, STATUT, COMMISSION, ECHEANCE, PERIODICITE, UTILISATEUR_ID, FOURNISSEUR_ID, GARANT_ID) VALUES ('123651',42000,to_date('18/11/2017','DD/MM/RR'),'ECHU','ACCEPTED',630,1200,'MENS','123',null,'G006');
INSERT INTO A_DEMANDE (DEMANDE_ID, MONTANT, CREATION_DATE, TERME, STATUT, COMMISSION, ECHEANCE, PERIODICITE, UTILISATEUR_ID, FOURNISSEUR_ID, GARANT_ID) VALUES ('123856',41500,to_date('19/11/2017','DD/MM/RR'),'ECHU','ACCEPTED',622,1185,'MENS','123',null,'G007');
INSERT INTO A_DEMANDE (DEMANDE_ID, MONTANT, CREATION_DATE, TERME, STATUT, COMMISSION, ECHEANCE, PERIODICITE, UTILISATEUR_ID, FOURNISSEUR_ID, GARANT_ID) VALUES ('124061',41000,to_date('20/11/2017','DD/MM/RR'),'ECHU','ACCEPTED',615,1171,'MENS','124',null,'G008');
INSERT INTO A_DEMANDE (DEMANDE_ID, MONTANT, CREATION_DATE, TERME, STATUT, COMMISSION, ECHEANCE, PERIODICITE, UTILISATEUR_ID, FOURNISSEUR_ID, GARANT_ID) VALUES ('124266',40500,to_date('21/11/2017','DD/MM/RR'),'ECHU','ACCEPTED',607,1157,'MENS','124',null,null);
INSERT INTO A_DEMANDE (DEMANDE_ID, MONTANT, CREATION_DATE, TERME, STATUT, COMMISSION, ECHEANCE, PERIODICITE, UTILISATEUR_ID, FOURNISSEUR_ID, GARANT_ID) VALUES ('124471',40000,to_date('22/11/2017','DD/MM/RR'),'ECHU','ACCEPTED',600,1142,'MENS','124',null,null);
INSERT INTO A_DEMANDE (DEMANDE_ID, MONTANT, CREATION_DATE, TERME, STATUT, COMMISSION, ECHEANCE, PERIODICITE, UTILISATEUR_ID, FOURNISSEUR_ID, GARANT_ID) VALUES ('124676',39500,to_date('23/11/2017','DD/MM/RR'),'ECHU','ACCEPTED',592,1128,'MENS','124',null,null);
INSERT INTO A_DEMANDE (DEMANDE_ID, MONTANT, CREATION_DATE, TERME, STATUT, COMMISSION, ECHEANCE, PERIODICITE, UTILISATEUR_ID, FOURNISSEUR_ID, GARANT_ID) VALUES ('124881',39000,to_date('24/11/2017','DD/MM/RR'),'ECHU','ACCEPTED',585,1114,'MENS','124',null,null);
INSERT INTO A_DEMANDE (DEMANDE_ID, MONTANT, CREATION_DATE, TERME, STATUT, COMMISSION, ECHEANCE, PERIODICITE, UTILISATEUR_ID, FOURNISSEUR_ID, GARANT_ID) VALUES ('125086',38500,to_date('25/11/2017','DD/MM/RR'),'ECHU','ACCEPTED',577,1100,'MENS','125',null,null);
INSERT INTO A_DEMANDE (DEMANDE_ID, MONTANT, CREATION_DATE, TERME, STATUT, COMMISSION, ECHEANCE, PERIODICITE, UTILISATEUR_ID, FOURNISSEUR_ID, GARANT_ID) VALUES ('125691',38000,to_date('26/11/2017','DD/MM/RR'),'ECHU','ACCEPTED',570,1085,'MENS','125',null,null);
INSERT INTO A_DEMANDE (DEMANDE_ID, MONTANT, CREATION_DATE, TERME, STATUT, COMMISSION, ECHEANCE, PERIODICITE, UTILISATEUR_ID, FOURNISSEUR_ID, GARANT_ID) VALUES ('125896',37500,to_date('27/11/2017','DD/MM/RR'),'ECHU','ACCEPTED',562,1071,'MENS','125',null,null);
INSERT INTO A_DEMANDE (DEMANDE_ID, MONTANT, CREATION_DATE, TERME, STATUT, COMMISSION, ECHEANCE, PERIODICITE, UTILISATEUR_ID, FOURNISSEUR_ID, GARANT_ID) VALUES ('126101',37000,to_date('28/11/2017','DD/MM/RR'),'ECHU','ACCEPTED',555,1057,'MENS','126',null,null);
INSERT INTO A_DEMANDE (DEMANDE_ID, MONTANT, CREATION_DATE, TERME, STATUT, COMMISSION, ECHEANCE, PERIODICITE, UTILISATEUR_ID, FOURNISSEUR_ID, GARANT_ID) VALUES ('126306',36500,to_date('29/11/2017','DD/MM/RR'),'ECHU','ACCEPTED',547,1042,'MENS','126','F001',null);
INSERT INTO A_DEMANDE (DEMANDE_ID, MONTANT, CREATION_DATE, TERME, STATUT, COMMISSION, ECHEANCE, PERIODICITE, UTILISATEUR_ID, FOURNISSEUR_ID, GARANT_ID) VALUES ('126511',36000,to_date('30/11/2017','DD/MM/RR'),'ECHU','REFUSED',540,1028,'MENS','126','F002',null);
INSERT INTO A_DEMANDE (DEMANDE_ID, MONTANT, CREATION_DATE, TERME, STATUT, COMMISSION, ECHEANCE, PERIODICITE, UTILISATEUR_ID, FOURNISSEUR_ID, GARANT_ID) VALUES ('126716',35500,to_date('01/12/2017','DD/MM/RR'),'ECHU','ACCEPTED',532,1014,'MENS','126','F003','G001');
INSERT INTO A_DEMANDE (DEMANDE_ID, MONTANT, CREATION_DATE, TERME, STATUT, COMMISSION, ECHEANCE, PERIODICITE, UTILISATEUR_ID, FOURNISSEUR_ID, GARANT_ID) VALUES ('126921',35000,to_date('02/12/2017','DD/MM/RR'),'ECHU','ACCEPTED',525,1000,'MENS','126','F004','G002');
INSERT INTO A_DEMANDE (DEMANDE_ID, MONTANT, CREATION_DATE, TERME, STATUT, COMMISSION, ECHEANCE, PERIODICITE, UTILISATEUR_ID, FOURNISSEUR_ID, GARANT_ID) VALUES ('127126',34500,to_date('03/12/2017','DD/MM/RR'),'ECHU','ACCEPTED',517,985,'MENS','127','F005','G003');
INSERT INTO A_DEMANDE (DEMANDE_ID, MONTANT, CREATION_DATE, TERME, STATUT, COMMISSION, ECHEANCE, PERIODICITE, UTILISATEUR_ID, FOURNISSEUR_ID, GARANT_ID) VALUES ('127331',34000,to_date('04/12/2017','DD/MM/RR'),'ECHU','ACCEPTED',510,971,'MENS','127','F006','G001');
INSERT INTO A_DEMANDE (DEMANDE_ID, MONTANT, CREATION_DATE, TERME, STATUT, COMMISSION, ECHEANCE, PERIODICITE, UTILISATEUR_ID, FOURNISSEUR_ID, GARANT_ID) VALUES ('127536',33500,to_date('05/12/2017','DD/MM/RR'),'ECHU','ACCEPTED',502,957,'MENS','127','F007','G002');
INSERT INTO A_DEMANDE (DEMANDE_ID, MONTANT, CREATION_DATE, TERME, STATUT, COMMISSION, ECHEANCE, PERIODICITE, UTILISATEUR_ID, FOURNISSEUR_ID, GARANT_ID) VALUES ('127741',33000,to_date('06/12/2017','DD/MM/RR'),'ECHU','ACCEPTED',495,942,'TRIM','127','F008','G003');
INSERT INTO A_DEMANDE (DEMANDE_ID, MONTANT, CREATION_DATE, TERME, STATUT, COMMISSION, ECHEANCE, PERIODICITE, UTILISATEUR_ID, FOURNISSEUR_ID, GARANT_ID) VALUES ('127946',32500,to_date('07/12/2017','DD/MM/RR'),'ECHU','ACCEPTED',487,928,'MENS','127',null,'G004');
INSERT INTO A_DEMANDE (DEMANDE_ID, MONTANT, CREATION_DATE, TERME, STATUT, COMMISSION, ECHEANCE, PERIODICITE, UTILISATEUR_ID, FOURNISSEUR_ID, GARANT_ID) VALUES ('128151',32000,to_date('08/12/2017','DD/MM/RR'),'ECHU','ACCEPTED',480,914,'MENS','128',null,'G005');
INSERT INTO A_DEMANDE (DEMANDE_ID, MONTANT, CREATION_DATE, TERME, STATUT, COMMISSION, ECHEANCE, PERIODICITE, UTILISATEUR_ID, FOURNISSEUR_ID, GARANT_ID) VALUES ('128756',31500,to_date('09/12/2017','DD/MM/RR'),'ECHU','ACCEPTED',472,900,'MENS','128',null,'G006');
INSERT INTO A_DEMANDE (DEMANDE_ID, MONTANT, CREATION_DATE, TERME, STATUT, COMMISSION, ECHEANCE, PERIODICITE, UTILISATEUR_ID, FOURNISSEUR_ID, GARANT_ID) VALUES ('129361',31000,to_date('10/12/2017','DD/MM/RR'),'ECHU','ACCEPTED',465,885,'MENS','129',null,'G007');
INSERT INTO A_DEMANDE (DEMANDE_ID, MONTANT, CREATION_DATE, TERME, STATUT, COMMISSION, ECHEANCE, PERIODICITE, UTILISATEUR_ID, FOURNISSEUR_ID, GARANT_ID) VALUES ('129966',30500,to_date('11/12/2017','DD/MM/RR'),'ECHU','ACCEPTED',457,871,'TRIM','129',null,'G008');
INSERT INTO A_DEMANDE (DEMANDE_ID, MONTANT, CREATION_DATE, TERME, STATUT, COMMISSION, ECHEANCE, PERIODICITE, UTILISATEUR_ID, FOURNISSEUR_ID, GARANT_ID) VALUES ('130571',30000,to_date('12/12/2017','DD/MM/RR'),'ECHU','ACCEPTED',450,857,'MENS','130',null,null);
INSERT INTO A_DEMANDE (DEMANDE_ID, MONTANT, CREATION_DATE, TERME, STATUT, COMMISSION, ECHEANCE, PERIODICITE, UTILISATEUR_ID, FOURNISSEUR_ID, GARANT_ID) VALUES ('131176',29500,to_date('13/12/2017','DD/MM/RR'),'ECHU','ACCEPTED',442,842,'MENS','131',null,null);
INSERT INTO A_DEMANDE (DEMANDE_ID, MONTANT, CREATION_DATE, TERME, STATUT, COMMISSION, ECHEANCE, PERIODICITE, UTILISATEUR_ID, FOURNISSEUR_ID, GARANT_ID) VALUES ('131781',29000,to_date('14/12/2017','DD/MM/RR'),'ECHU','ACCEPTED',435,828,'MENS','131',null,null);
INSERT INTO A_DEMANDE (DEMANDE_ID, MONTANT, CREATION_DATE, TERME, STATUT, COMMISSION, ECHEANCE, PERIODICITE, UTILISATEUR_ID, FOURNISSEUR_ID, GARANT_ID) VALUES ('132386',28500,to_date('15/12/2017','DD/MM/RR'),'ECHU','ACCEPTED',427,814,'MENS','132',null,'G001');
INSERT INTO A_DEMANDE (DEMANDE_ID, MONTANT, CREATION_DATE, TERME, STATUT, COMMISSION, ECHEANCE, PERIODICITE, UTILISATEUR_ID, FOURNISSEUR_ID, GARANT_ID) VALUES ('132991',28000,to_date('16/12/2017','DD/MM/RR'),'ECHU','ACCEPTED',420,800,'MENS','132',null,'G002');
INSERT INTO A_DEMANDE (DEMANDE_ID, MONTANT, CREATION_DATE, TERME, STATUT, COMMISSION, ECHEANCE, PERIODICITE, UTILISATEUR_ID, FOURNISSEUR_ID, GARANT_ID) VALUES ('133596',27500,to_date('17/12/2017','DD/MM/RR'),'ECHU','ACCEPTED',412,785,'MENS','133',null,'G003');
INSERT INTO A_DEMANDE (DEMANDE_ID, MONTANT, CREATION_DATE, TERME, STATUT, COMMISSION, ECHEANCE, PERIODICITE, UTILISATEUR_ID, FOURNISSEUR_ID, GARANT_ID) VALUES ('134201',27000,to_date('18/12/2017','DD/MM/RR'),'ECHU','ACCEPTED',405,771,'MENS','134','F001','G001');
INSERT INTO A_DEMANDE (DEMANDE_ID, MONTANT, CREATION_DATE, TERME, STATUT, COMMISSION, ECHEANCE, PERIODICITE, UTILISATEUR_ID, FOURNISSEUR_ID, GARANT_ID) VALUES ('134806',26500,to_date('19/12/2017','DD/MM/RR'),'ECHU','ACCEPTED',397,757,'MENS','134','F002','G002');
INSERT INTO A_DEMANDE (DEMANDE_ID, MONTANT, CREATION_DATE, TERME, STATUT, COMMISSION, ECHEANCE, PERIODICITE, UTILISATEUR_ID, FOURNISSEUR_ID, GARANT_ID) VALUES ('135411',26000,to_date('20/12/2017','DD/MM/RR'),'ECHU','ACCEPTED',390,742,'MENS','135','F003','G003');
INSERT INTO A_DEMANDE (DEMANDE_ID, MONTANT, CREATION_DATE, TERME, STATUT, COMMISSION, ECHEANCE, PERIODICITE, UTILISATEUR_ID, FOURNISSEUR_ID, GARANT_ID) VALUES ('136016',25500,to_date('21/12/2017','DD/MM/RR'),'ECHU','ACCEPTED',382,728,'MENS','136','F004','G004');
INSERT INTO A_DEMANDE (DEMANDE_ID, MONTANT, CREATION_DATE, TERME, STATUT, COMMISSION, ECHEANCE, PERIODICITE, UTILISATEUR_ID, FOURNISSEUR_ID, GARANT_ID) VALUES ('136621',25000,to_date('22/12/2017','DD/MM/RR'),'ECHU','ACCEPTED',375,714,'MENS','136','F005','G005');
INSERT INTO A_DEMANDE (DEMANDE_ID, MONTANT, CREATION_DATE, TERME, STATUT, COMMISSION, ECHEANCE, PERIODICITE, UTILISATEUR_ID, FOURNISSEUR_ID, GARANT_ID) VALUES ('137226',24500,to_date('23/12/2017','DD/MM/RR'),'ECHU','ACCEPTED',367,700,'MENS','137','F006','G006');
INSERT INTO A_DEMANDE (DEMANDE_ID, MONTANT, CREATION_DATE, TERME, STATUT, COMMISSION, ECHEANCE, PERIODICITE, UTILISATEUR_ID, FOURNISSEUR_ID, GARANT_ID) VALUES ('137831',24000,to_date('24/12/2017','DD/MM/RR'),'ECHU','ACCEPTED',360,685,'MENS','137','F007','G007');
INSERT INTO A_DEMANDE (DEMANDE_ID, MONTANT, CREATION_DATE, TERME, STATUT, COMMISSION, ECHEANCE, PERIODICITE, UTILISATEUR_ID, FOURNISSEUR_ID, GARANT_ID) VALUES ('138436',23500,to_date('25/12/2017','DD/MM/RR'),'ECHU','ACCEPTED',352,671,'MENS','138','F008','G008');
INSERT INTO A_DEMANDE (DEMANDE_ID, MONTANT, CREATION_DATE, TERME, STATUT, COMMISSION, ECHEANCE, PERIODICITE, UTILISATEUR_ID, FOURNISSEUR_ID, GARANT_ID) VALUES ('139041',23000,to_date('26/12/2017','DD/MM/RR'),'ECHU','ACCEPTED',345,657,'MENS','139',null,null);
INSERT INTO A_DEMANDE (DEMANDE_ID, MONTANT, CREATION_DATE, TERME, STATUT, COMMISSION, ECHEANCE, PERIODICITE, UTILISATEUR_ID, FOURNISSEUR_ID, GARANT_ID) VALUES ('139646',22500,to_date('27/12/2017','DD/MM/RR'),'ECHU','ACCEPTED',337,642,'MENS','139',null,null);
INSERT INTO A_DEMANDE (DEMANDE_ID, MONTANT, CREATION_DATE, TERME, STATUT, COMMISSION, ECHEANCE, PERIODICITE, UTILISATEUR_ID, FOURNISSEUR_ID, GARANT_ID) VALUES ('140251',22000,to_date('28/12/2017','DD/MM/RR'),'ECHU','ACCEPTED',330,628,'MENS','140',null,null);
INSERT INTO A_DEMANDE (DEMANDE_ID, MONTANT, CREATION_DATE, TERME, STATUT, COMMISSION, ECHEANCE, PERIODICITE, UTILISATEUR_ID, FOURNISSEUR_ID, GARANT_ID) VALUES ('140856',21500,to_date('29/12/2017','DD/MM/RR'),'ECHU','ACCEPTED',322,614,'MENS','140',null,null);
INSERT INTO A_DEMANDE (DEMANDE_ID, MONTANT, CREATION_DATE, TERME, STATUT, COMMISSION, ECHEANCE, PERIODICITE, UTILISATEUR_ID, FOURNISSEUR_ID, GARANT_ID) VALUES ('141461',21000,to_date('30/12/2017','DD/MM/RR'),'ECHU','ACCEPTED',315,600,'MENS','141',null,null);
INSERT INTO A_DEMANDE (DEMANDE_ID, MONTANT, CREATION_DATE, TERME, STATUT, COMMISSION, ECHEANCE, PERIODICITE, UTILISATEUR_ID, FOURNISSEUR_ID, GARANT_ID) VALUES ('142066',20500,to_date('31/12/2017','DD/MM/RR'),'ECHU','ACCEPTED',307,585,'MENS','142',null,'G001');
INSERT INTO A_DEMANDE (DEMANDE_ID, MONTANT, CREATION_DATE, TERME, STATUT, COMMISSION, ECHEANCE, PERIODICITE, UTILISATEUR_ID, FOURNISSEUR_ID, GARANT_ID) VALUES ('142671',20000,to_date('01/01/2018','DD/MM/RR'),'ECHU','ACCEPTED',300,571,'MENS','142',null,'G002');
INSERT INTO A_DEMANDE (DEMANDE_ID, MONTANT, CREATION_DATE, TERME, STATUT, COMMISSION, ECHEANCE, PERIODICITE, UTILISATEUR_ID, FOURNISSEUR_ID, GARANT_ID) VALUES ('143276',19500,to_date('02/01/2018','DD/MM/RR'),'ECHU','REFUSED',292,557,'TRIM','143',null,'G003');
INSERT INTO A_DEMANDE (DEMANDE_ID, MONTANT, CREATION_DATE, TERME, STATUT, COMMISSION, ECHEANCE, PERIODICITE, UTILISATEUR_ID, FOURNISSEUR_ID, GARANT_ID) VALUES ('143881',19000,to_date('03/01/2018','DD/MM/RR'),'ECHU','ACCEPTED',285,542,'MENS','143',null,'G004');
INSERT INTO A_DEMANDE (DEMANDE_ID, MONTANT, CREATION_DATE, TERME, STATUT, COMMISSION, ECHEANCE, PERIODICITE, UTILISATEUR_ID, FOURNISSEUR_ID, GARANT_ID) VALUES ('144486',18500,to_date('04/01/2018','DD/MM/RR'),'ECHU','ACCEPTED',277,528,'MENS','144',null,'G001');
INSERT INTO A_DEMANDE (DEMANDE_ID, MONTANT, CREATION_DATE, TERME, STATUT, COMMISSION, ECHEANCE, PERIODICITE, UTILISATEUR_ID, FOURNISSEUR_ID, GARANT_ID) VALUES ('145091',18000,to_date('05/01/2018','DD/MM/RR'),'ECHU','ACCEPTED',270,514,'MENS','145',null,'G002');
INSERT INTO A_DEMANDE (DEMANDE_ID, MONTANT, CREATION_DATE, TERME, STATUT, COMMISSION, ECHEANCE, PERIODICITE, UTILISATEUR_ID, FOURNISSEUR_ID, GARANT_ID) VALUES ('145696',17500,to_date('06/01/2018','DD/MM/RR'),'ECHU','ACCEPTED',262,500,'MENS','145',null,'G003');
INSERT INTO A_DEMANDE (DEMANDE_ID, MONTANT, CREATION_DATE, TERME, STATUT, COMMISSION, ECHEANCE, PERIODICITE, UTILISATEUR_ID, FOURNISSEUR_ID, GARANT_ID) VALUES ('146301',17000,to_date('07/01/2018','DD/MM/RR'),'ECHU','ACCEPTED',255,485,'MENS','146',null,'G004');
INSERT INTO A_DEMANDE (DEMANDE_ID, MONTANT, CREATION_DATE, TERME, STATUT, COMMISSION, ECHEANCE, PERIODICITE, UTILISATEUR_ID, FOURNISSEUR_ID, GARANT_ID) VALUES ('146906',16500,to_date('08/01/2018','DD/MM/RR'),'ECHU','ACCEPTED',247,471,'MENS','146',null,'G005');
INSERT INTO A_DEMANDE (DEMANDE_ID, MONTANT, CREATION_DATE, TERME, STATUT, COMMISSION, ECHEANCE, PERIODICITE, UTILISATEUR_ID, FOURNISSEUR_ID, GARANT_ID) VALUES ('147511',16000,to_date('09/01/2018','DD/MM/RR'),'ECHU','ACCEPTED',240,457,'MENS','147',null,'G006');
INSERT INTO A_DEMANDE (DEMANDE_ID, MONTANT, CREATION_DATE, TERME, STATUT, COMMISSION, ECHEANCE, PERIODICITE, UTILISATEUR_ID, FOURNISSEUR_ID, GARANT_ID) VALUES ('148116',15500,to_date('10/01/2018','DD/MM/RR'),'ECHU','ACCEPTED',232,442,'MENS','148',null,'G007');
INSERT INTO A_DEMANDE (DEMANDE_ID, MONTANT, CREATION_DATE, TERME, STATUT, COMMISSION, ECHEANCE, PERIODICITE, UTILISATEUR_ID, FOURNISSEUR_ID, GARANT_ID) VALUES ('148721',15000,to_date('11/01/2018','DD/MM/RR'),'ECHU','ACCEPTED',225,428,'MENS','148','F001','G008');
INSERT INTO A_DEMANDE (DEMANDE_ID, MONTANT, CREATION_DATE, TERME, STATUT, COMMISSION, ECHEANCE, PERIODICITE, UTILISATEUR_ID, FOURNISSEUR_ID, GARANT_ID) VALUES ('149326',14500,to_date('12/01/2018','DD/MM/RR'),'ECHU','ACCEPTED',217,414,'MENS','149','F002',null);
INSERT INTO A_DEMANDE (DEMANDE_ID, MONTANT, CREATION_DATE, TERME, STATUT, COMMISSION, ECHEANCE, PERIODICITE, UTILISATEUR_ID, FOURNISSEUR_ID, GARANT_ID) VALUES ('149327',14000,to_date('13/01/2018','DD/MM/RR'),'ECHU','ACCEPTED',210,400,'MENS','149','F003',null);
INSERT INTO A_DEMANDE (DEMANDE_ID, MONTANT, CREATION_DATE, TERME, STATUT, COMMISSION, ECHEANCE, PERIODICITE, UTILISATEUR_ID, FOURNISSEUR_ID, GARANT_ID) VALUES ('149328',13500,to_date('14/01/2018','DD/MM/RR'),'ECHU','ACCEPTED',202,385,'MENS','149','F004',null);
INSERT INTO A_DEMANDE (DEMANDE_ID, MONTANT, CREATION_DATE, TERME, STATUT, COMMISSION, ECHEANCE, PERIODICITE, UTILISATEUR_ID, FOURNISSEUR_ID, GARANT_ID) VALUES ('149329',13000,to_date('15/01/2018','DD/MM/RR'),'ECHU','ACCEPTED',195,371,'MENS','149','F005',null);
INSERT INTO A_DEMANDE (DEMANDE_ID, MONTANT, CREATION_DATE, TERME, STATUT, COMMISSION, ECHEANCE, PERIODICITE, UTILISATEUR_ID, FOURNISSEUR_ID, GARANT_ID) VALUES ('149330',12500,to_date('16/01/2018','DD/MM/RR'),'ECHU','ACCEPTED',187,357,'MENS','149','F006',null);
INSERT INTO A_DEMANDE (DEMANDE_ID, MONTANT, CREATION_DATE, TERME, STATUT, COMMISSION, ECHEANCE, PERIODICITE, UTILISATEUR_ID, FOURNISSEUR_ID, GARANT_ID) VALUES ('149331',12000,to_date('17/01/2018','DD/MM/RR'),'ECHU','ACCEPTED',180,342,'MENS','149','F007',null);
INSERT INTO A_DEMANDE (DEMANDE_ID, MONTANT, CREATION_DATE, TERME, STATUT, COMMISSION, ECHEANCE, PERIODICITE, UTILISATEUR_ID, FOURNISSEUR_ID, GARANT_ID) VALUES ('149332',11500,to_date('18/01/2018','DD/MM/RR'),'ECHU','ACCEPTED',172,328,'MENS','149','F008',null);
INSERT INTO A_DEMANDE (DEMANDE_ID, MONTANT, CREATION_DATE, TERME, STATUT, COMMISSION, ECHEANCE, PERIODICITE, UTILISATEUR_ID, FOURNISSEUR_ID, GARANT_ID) VALUES ('149333',11000,to_date('19/01/2018','DD/MM/RR'),'ECHU','ACCEPTED',165,314,'MENS','149',null,'G001');
INSERT INTO A_DEMANDE (DEMANDE_ID, MONTANT, CREATION_DATE, TERME, STATUT, COMMISSION, ECHEANCE, PERIODICITE, UTILISATEUR_ID, FOURNISSEUR_ID, GARANT_ID) VALUES ('149334',10500,to_date('20/01/2018','DD/MM/RR'),'ECHU','ACCEPTED',157,300,'TRIM','149',null,'G002');
INSERT INTO A_DEMANDE (DEMANDE_ID, MONTANT, CREATION_DATE, TERME, STATUT, COMMISSION, ECHEANCE, PERIODICITE, UTILISATEUR_ID, FOURNISSEUR_ID, GARANT_ID) VALUES ('149335',10000,to_date('21/01/2018','DD/MM/RR'),'ECHU','ACCEPTED',150,285,'MENS','149',null,'G003');
INSERT INTO A_DEMANDE (DEMANDE_ID, MONTANT, CREATION_DATE, TERME, STATUT, COMMISSION, ECHEANCE, PERIODICITE, UTILISATEUR_ID, FOURNISSEUR_ID, GARANT_ID) VALUES ('149336',9500,to_date('22/01/2018','DD/MM/RR'),'ECHU','ACCEPTED',142,271,'MENS','149',null,'G004');
INSERT INTO A_DEMANDE (DEMANDE_ID, MONTANT, CREATION_DATE, TERME, STATUT, COMMISSION, ECHEANCE, PERIODICITE, UTILISATEUR_ID, FOURNISSEUR_ID, GARANT_ID) VALUES ('149337',9000,to_date('23/01/2018','DD/MM/RR'),'ECHU','ACCEPTED',135,257,'MENS','149',null,'G005');
INSERT INTO A_DEMANDE (DEMANDE_ID, MONTANT, CREATION_DATE, TERME, STATUT, COMMISSION, ECHEANCE, PERIODICITE, UTILISATEUR_ID, FOURNISSEUR_ID, GARANT_ID) VALUES ('149338',8500,to_date('24/01/2018','DD/MM/RR'),'ECHU','ACCEPTED',127,242,'MENS','149',null,'G006');
INSERT INTO A_DEMANDE (DEMANDE_ID, MONTANT, CREATION_DATE, TERME, STATUT, COMMISSION, ECHEANCE, PERIODICITE, UTILISATEUR_ID, FOURNISSEUR_ID, GARANT_ID) VALUES ('149339',8000,to_date('25/01/2018','DD/MM/RR'),'ECHU','ACCEPTED',120,228,'MENS','149',null,'G007');
INSERT INTO A_DEMANDE (DEMANDE_ID, MONTANT, CREATION_DATE, TERME, STATUT, COMMISSION, ECHEANCE, PERIODICITE, UTILISATEUR_ID, FOURNISSEUR_ID, GARANT_ID) VALUES ('149340',7500,to_date('26/01/2018','DD/MM/RR'),'ECHU','ACCEPTED',112,214,'MENS','149',null,'G008');
INSERT INTO A_DEMANDE (DEMANDE_ID, MONTANT, CREATION_DATE, TERME, STATUT, COMMISSION, ECHEANCE, PERIODICITE, UTILISATEUR_ID, FOURNISSEUR_ID, GARANT_ID) VALUES ('149341',7000,to_date('27/01/2018','DD/MM/RR'),'ECHU','ACCEPTED',105,200,'MENS','149',null,null);
INSERT INTO A_DEMANDE (DEMANDE_ID, MONTANT, CREATION_DATE, TERME, STATUT, COMMISSION, ECHEANCE, PERIODICITE, UTILISATEUR_ID, FOURNISSEUR_ID, GARANT_ID) VALUES ('149342',6500,to_date('28/01/2018','DD/MM/RR'),'ECHU','ACCEPTED',97,185,'MENS','149','F001',null);
INSERT INTO A_DEMANDE (DEMANDE_ID, MONTANT, CREATION_DATE, TERME, STATUT, COMMISSION, ECHEANCE, PERIODICITE, UTILISATEUR_ID, FOURNISSEUR_ID, GARANT_ID) VALUES ('149343',6000,to_date('29/01/2018','DD/MM/RR'),'ECHU','ACCEPTED',90,171,'MENS','149','F002','G001');
INSERT INTO A_DEMANDE (DEMANDE_ID, MONTANT, CREATION_DATE, TERME, STATUT, COMMISSION, ECHEANCE, PERIODICITE, UTILISATEUR_ID, FOURNISSEUR_ID, GARANT_ID) VALUES ('149344',5500,to_date('30/01/2018','DD/MM/RR'),'ECHU','ACCEPTED',82,157,'MENS','149','F003','G002');
INSERT INTO A_DEMANDE (DEMANDE_ID, MONTANT, CREATION_DATE, TERME, STATUT, COMMISSION, ECHEANCE, PERIODICITE, UTILISATEUR_ID, FOURNISSEUR_ID, GARANT_ID) VALUES ('149345',5000,to_date('31/01/2018','DD/MM/RR'),'ECHU','ACCEPTED',75,142,'MENS','149','F004','G003');
INSERT INTO A_DEMANDE (DEMANDE_ID, MONTANT, CREATION_DATE, TERME, STATUT, COMMISSION, ECHEANCE, PERIODICITE, UTILISATEUR_ID, FOURNISSEUR_ID, GARANT_ID) VALUES ('149346',4500,to_date('01/02/2018','DD/MM/RR'),'ECHU','REFUSED',67,128,'MENS','149','F005','G004');
INSERT INTO A_DEMANDE (DEMANDE_ID, MONTANT, CREATION_DATE, TERME, STATUT, COMMISSION, ECHEANCE, PERIODICITE, UTILISATEUR_ID, FOURNISSEUR_ID, GARANT_ID) VALUES ('149347',4000,to_date('02/02/2018','DD/MM/RR'),'ECHU','ACCEPTED',60,114,'MENS','149','F006','G005');
INSERT INTO A_DEMANDE (DEMANDE_ID, MONTANT, CREATION_DATE, TERME, STATUT, COMMISSION, ECHEANCE, PERIODICITE, UTILISATEUR_ID, FOURNISSEUR_ID, GARANT_ID) VALUES ('149348',3500,to_date('03/02/2018','DD/MM/RR'),'ECHU','ACCEPTED',52,100,'MENS','149','F007','G006');
INSERT INTO A_DEMANDE (DEMANDE_ID, MONTANT, CREATION_DATE, TERME, STATUT, COMMISSION, ECHEANCE, PERIODICITE, UTILISATEUR_ID, FOURNISSEUR_ID, GARANT_ID) VALUES ('149349',3000,to_date('04/02/2018','DD/MM/RR'),'ECHU','ACCEPTED',45,85,'MENS','149','F008','G007');
INSERT INTO A_DEMANDE (DEMANDE_ID, MONTANT, CREATION_DATE, TERME, STATUT, COMMISSION, ECHEANCE, PERIODICITE, UTILISATEUR_ID, FOURNISSEUR_ID, GARANT_ID) VALUES ('149350',2500,to_date('05/02/2018','DD/MM/RR'),'ECHU','ACCEPTED',37,71,'MENS','149',null,'G008');

--DOSSIER

INSERT INTO A_DOSSIER (DOSSIER_ID, MONTANT, PERIODICITE, TERME, IMPAYE, CRD, DEB_DATE, FIN_DATE) VALUES ('101001','36000','MENS','ECHU','N','33840',to_date('01/08/2017','DD/MM/RR'),to_date('26/02/2024','DD/MM/RR'));
INSERT INTO A_DOSSIER (DOSSIER_ID, MONTANT, PERIODICITE, TERME, IMPAYE, CRD, DEB_DATE, FIN_DATE) VALUES ('101206','33500','MENS','ECHU','N','31492',to_date('02/08/2017','DD/MM/RR'),to_date('27/02/2024','DD/MM/RR'));
INSERT INTO A_DOSSIER (DOSSIER_ID, MONTANT, PERIODICITE, TERME, IMPAYE, CRD, DEB_DATE, FIN_DATE) VALUES ('101411','31000','MENS','ECHU','O','29140',to_date('03/08/2017','DD/MM/RR'),to_date('28/02/2024','DD/MM/RR'));
INSERT INTO A_DOSSIER (DOSSIER_ID, MONTANT, PERIODICITE, TERME, IMPAYE, CRD, DEB_DATE, FIN_DATE) VALUES ('101616','28500','MENS','ECHU','O','26792',to_date('04/08/2017','DD/MM/RR'),to_date('29/02/2024','DD/MM/RR'));
INSERT INTO A_DOSSIER (DOSSIER_ID, MONTANT, PERIODICITE, TERME, IMPAYE, CRD, DEB_DATE, FIN_DATE) VALUES ('101821','26000','MENS','ECHU','N','24440',to_date('05/08/2017','DD/MM/RR'),to_date('01/03/2024','DD/MM/RR'));
INSERT INTO A_DOSSIER (DOSSIER_ID, MONTANT, PERIODICITE, TERME, IMPAYE, CRD, DEB_DATE, FIN_DATE) VALUES ('102026','23500','MENS','ECHU','N','22092',to_date('06/08/2017','DD/MM/RR'),to_date('02/03/2024','DD/MM/RR'));
INSERT INTO A_DOSSIER (DOSSIER_ID, MONTANT, PERIODICITE, TERME, IMPAYE, CRD, DEB_DATE, FIN_DATE) VALUES ('102231','24500','MENS','ECHU','N','23032',to_date('07/08/2017','DD/MM/RR'),to_date('03/03/2024','DD/MM/RR'));
INSERT INTO A_DOSSIER (DOSSIER_ID, MONTANT, PERIODICITE, TERME, IMPAYE, CRD, DEB_DATE, FIN_DATE) VALUES ('102436','25500','TRIM','ECHU','N','23972',to_date('08/08/2017','DD/MM/RR'),to_date('04/03/2024','DD/MM/RR'));
INSERT INTO A_DOSSIER (DOSSIER_ID, MONTANT, PERIODICITE, TERME, IMPAYE, CRD, DEB_DATE, FIN_DATE) VALUES ('102641','26500','MENS','ECHU','N','24912',to_date('09/08/2017','DD/MM/RR'),to_date('05/03/2024','DD/MM/RR'));
INSERT INTO A_DOSSIER (DOSSIER_ID, MONTANT, PERIODICITE, TERME, IMPAYE, CRD, DEB_DATE, FIN_DATE) VALUES ('103051','28500','MENS','ECHU','N','26792',to_date('12/08/2017','DD/MM/RR'),to_date('08/03/2024','DD/MM/RR'));
INSERT INTO A_DOSSIER (DOSSIER_ID, MONTANT, PERIODICITE, TERME, IMPAYE, CRD, DEB_DATE, FIN_DATE) VALUES ('103256','29500','MENS','ECHU','N','27732',to_date('13/08/2017','DD/MM/RR'),to_date('09/03/2024','DD/MM/RR'));
INSERT INTO A_DOSSIER (DOSSIER_ID, MONTANT, PERIODICITE, TERME, IMPAYE, CRD, DEB_DATE, FIN_DATE) VALUES ('103461','30500','MENS','ECHOIR','N','28672',to_date('14/08/2017','DD/MM/RR'),to_date('10/03/2024','DD/MM/RR'));
INSERT INTO A_DOSSIER (DOSSIER_ID, MONTANT, PERIODICITE, TERME, IMPAYE, CRD, DEB_DATE, FIN_DATE) VALUES ('103666','31500','MENS','ECHU','N','29612',to_date('15/08/2017','DD/MM/RR'),to_date('11/03/2024','DD/MM/RR'));
INSERT INTO A_DOSSIER (DOSSIER_ID, MONTANT, PERIODICITE, TERME, IMPAYE, CRD, DEB_DATE, FIN_DATE) VALUES ('103871','32500','MENS','ECHU','N','30552',to_date('16/08/2017','DD/MM/RR'),to_date('12/03/2024','DD/MM/RR'));
INSERT INTO A_DOSSIER (DOSSIER_ID, MONTANT, PERIODICITE, TERME, IMPAYE, CRD, DEB_DATE, FIN_DATE) VALUES ('104076','33500','MENS','ECHU','N','31492',to_date('17/08/2017','DD/MM/RR'),to_date('13/03/2024','DD/MM/RR'));
INSERT INTO A_DOSSIER (DOSSIER_ID, MONTANT, PERIODICITE, TERME, IMPAYE, CRD, DEB_DATE, FIN_DATE) VALUES ('104281','34500','MENS','ECHU','N','32432',to_date('18/08/2017','DD/MM/RR'),to_date('14/03/2024','DD/MM/RR'));
INSERT INTO A_DOSSIER (DOSSIER_ID, MONTANT, PERIODICITE, TERME, IMPAYE, CRD, DEB_DATE, FIN_DATE) VALUES ('104486','35500','MENS','ECHU','N','33372',to_date('19/08/2017','DD/MM/RR'),to_date('15/03/2024','DD/MM/RR'));
INSERT INTO A_DOSSIER (DOSSIER_ID, MONTANT, PERIODICITE, TERME, IMPAYE, CRD, DEB_DATE, FIN_DATE) VALUES ('104691','36500','MENS','ECHU','N','34312',to_date('20/08/2017','DD/MM/RR'),to_date('16/03/2024','DD/MM/RR'));
INSERT INTO A_DOSSIER (DOSSIER_ID, MONTANT, PERIODICITE, TERME, IMPAYE, CRD, DEB_DATE, FIN_DATE) VALUES ('104896','37500','MENS','ECHU','N','35252',to_date('21/08/2017','DD/MM/RR'),to_date('17/03/2024','DD/MM/RR'));
INSERT INTO A_DOSSIER (DOSSIER_ID, MONTANT, PERIODICITE, TERME, IMPAYE, CRD, DEB_DATE, FIN_DATE) VALUES ('105101','38500','MENS','ECHU','N','36192',to_date('22/08/2017','DD/MM/RR'),to_date('18/03/2024','DD/MM/RR'));
INSERT INTO A_DOSSIER (DOSSIER_ID, MONTANT, PERIODICITE, TERME, IMPAYE, CRD, DEB_DATE, FIN_DATE) VALUES ('105306','39500','MENS','ECHU','N','37132',to_date('23/08/2017','DD/MM/RR'),to_date('19/03/2024','DD/MM/RR'));
INSERT INTO A_DOSSIER (DOSSIER_ID, MONTANT, PERIODICITE, TERME, IMPAYE, CRD, DEB_DATE, FIN_DATE) VALUES ('105511','40500','MENS','ECHU','N','38072',to_date('25/08/2017','DD/MM/RR'),to_date('21/03/2024','DD/MM/RR'));
INSERT INTO A_DOSSIER (DOSSIER_ID, MONTANT, PERIODICITE, TERME, IMPAYE, CRD, DEB_DATE, FIN_DATE) VALUES ('105921','42500','MENS','ECHU','N','39952',to_date('27/08/2017','DD/MM/RR'),to_date('23/03/2024','DD/MM/RR'));
INSERT INTO A_DOSSIER (DOSSIER_ID, MONTANT, PERIODICITE, TERME, IMPAYE, CRD, DEB_DATE, FIN_DATE) VALUES ('106126','43500','MENS','ECHU','N','40892',to_date('28/08/2017','DD/MM/RR'),to_date('24/03/2024','DD/MM/RR'));
INSERT INTO A_DOSSIER (DOSSIER_ID, MONTANT, PERIODICITE, TERME, IMPAYE, CRD, DEB_DATE, FIN_DATE) VALUES ('106331','44500','MENS','ECHU','N','41832',to_date('29/08/2017','DD/MM/RR'),to_date('25/03/2024','DD/MM/RR'));
INSERT INTO A_DOSSIER (DOSSIER_ID, MONTANT, PERIODICITE, TERME, IMPAYE, CRD, DEB_DATE, FIN_DATE) VALUES ('106536','45500','MENS','ECHU','N','43454',to_date('30/08/2017','DD/MM/RR'),to_date('26/03/2024','DD/MM/RR'));
INSERT INTO A_DOSSIER (DOSSIER_ID, MONTANT, PERIODICITE, TERME, IMPAYE, CRD, DEB_DATE, FIN_DATE) VALUES ('106741','46500','MENS','ECHU','N','44409',to_date('31/08/2017','DD/MM/RR'),to_date('27/03/2024','DD/MM/RR'));
INSERT INTO A_DOSSIER (DOSSIER_ID, MONTANT, PERIODICITE, TERME, IMPAYE, CRD, DEB_DATE, FIN_DATE) VALUES ('106946','47500','MENS','ECHU','N','45364',to_date('01/09/2017','DD/MM/RR'),to_date('28/03/2024','DD/MM/RR'));
INSERT INTO A_DOSSIER (DOSSIER_ID, MONTANT, PERIODICITE, TERME, IMPAYE, CRD, DEB_DATE, FIN_DATE) VALUES ('107151','48500','MENS','ECHU','N','46319',to_date('02/09/2017','DD/MM/RR'),to_date('29/03/2024','DD/MM/RR'));
INSERT INTO A_DOSSIER (DOSSIER_ID, MONTANT, PERIODICITE, TERME, IMPAYE, CRD, DEB_DATE, FIN_DATE) VALUES ('107456','49500','MENS','ECHU','N','47274',to_date('03/09/2017','DD/MM/RR'),to_date('30/03/2024','DD/MM/RR'));
INSERT INTO A_DOSSIER (DOSSIER_ID, MONTANT, PERIODICITE, TERME, IMPAYE, CRD, DEB_DATE, FIN_DATE) VALUES ('107661','50500','MENS','ECHU','N','48229',to_date('04/09/2017','DD/MM/RR'),to_date('31/03/2024','DD/MM/RR'));
INSERT INTO A_DOSSIER (DOSSIER_ID, MONTANT, PERIODICITE, TERME, IMPAYE, CRD, DEB_DATE, FIN_DATE) VALUES ('107866','51500','MENS','ECHU','N','49184',to_date('05/09/2017','DD/MM/RR'),to_date('01/04/2024','DD/MM/RR'));
INSERT INTO A_DOSSIER (DOSSIER_ID, MONTANT, PERIODICITE, TERME, IMPAYE, CRD, DEB_DATE, FIN_DATE) VALUES ('108071','52500','TRIM','ECHU','N','50139',to_date('06/09/2017','DD/MM/RR'),to_date('02/04/2024','DD/MM/RR'));
INSERT INTO A_DOSSIER (DOSSIER_ID, MONTANT, PERIODICITE, TERME, IMPAYE, CRD, DEB_DATE, FIN_DATE) VALUES ('108276','53500','MENS','ECHU','N','51094',to_date('07/09/2017','DD/MM/RR'),to_date('03/04/2024','DD/MM/RR'));
INSERT INTO A_DOSSIER (DOSSIER_ID, MONTANT, PERIODICITE, TERME, IMPAYE, CRD, DEB_DATE, FIN_DATE) VALUES ('108481','54500','MENS','ECHU','N','52049',to_date('08/09/2017','DD/MM/RR'),to_date('04/04/2024','DD/MM/RR'));
INSERT INTO A_DOSSIER (DOSSIER_ID, MONTANT, PERIODICITE, TERME, IMPAYE, CRD, DEB_DATE, FIN_DATE) VALUES ('108686','55500','MENS','ECHU','N','53004',to_date('09/09/2017','DD/MM/RR'),to_date('05/04/2024','DD/MM/RR'));
INSERT INTO A_DOSSIER (DOSSIER_ID, MONTANT, PERIODICITE, TERME, IMPAYE, CRD, DEB_DATE, FIN_DATE) VALUES ('108891','56500','MENS','ECHU','N','53959',to_date('10/09/2017','DD/MM/RR'),to_date('06/04/2024','DD/MM/RR'));
INSERT INTO A_DOSSIER (DOSSIER_ID, MONTANT, PERIODICITE, TERME, IMPAYE, CRD, DEB_DATE, FIN_DATE) VALUES ('109096','57500','MENS','ECHU','N','54914',to_date('11/09/2017','DD/MM/RR'),to_date('07/04/2024','DD/MM/RR'));
INSERT INTO A_DOSSIER (DOSSIER_ID, MONTANT, PERIODICITE, TERME, IMPAYE, CRD, DEB_DATE, FIN_DATE) VALUES ('109301','58500','MENS','ECHOIR','N','55869',to_date('12/09/2017','DD/MM/RR'),to_date('08/04/2024','DD/MM/RR'));
INSERT INTO A_DOSSIER (DOSSIER_ID, MONTANT, PERIODICITE, TERME, IMPAYE, CRD, DEB_DATE, FIN_DATE) VALUES ('109506','59500','MENS','ECHOIR','N','56824',to_date('13/09/2017','DD/MM/RR'),to_date('09/04/2024','DD/MM/RR'));
INSERT INTO A_DOSSIER (DOSSIER_ID, MONTANT, PERIODICITE, TERME, IMPAYE, CRD, DEB_DATE, FIN_DATE) VALUES ('109711','60500','MENS','ECHOIR','N','57779',to_date('14/09/2017','DD/MM/RR'),to_date('10/04/2024','DD/MM/RR'));
INSERT INTO A_DOSSIER (DOSSIER_ID, MONTANT, PERIODICITE, TERME, IMPAYE, CRD, DEB_DATE, FIN_DATE) VALUES ('109916','61500','MENS','ECHU','N','58734',to_date('15/09/2017','DD/MM/RR'),to_date('11/04/2024','DD/MM/RR'));
INSERT INTO A_DOSSIER (DOSSIER_ID, MONTANT, PERIODICITE, TERME, IMPAYE, CRD, DEB_DATE, FIN_DATE) VALUES ('110121','62500','MENS','ECHU','N','59689',to_date('16/09/2017','DD/MM/RR'),to_date('12/04/2024','DD/MM/RR'));
INSERT INTO A_DOSSIER (DOSSIER_ID, MONTANT, PERIODICITE, TERME, IMPAYE, CRD, DEB_DATE, FIN_DATE) VALUES ('110521','63500','MENS','ECHU','N','60644',to_date('18/09/2017','DD/MM/RR'),to_date('14/04/2024','DD/MM/RR'));
INSERT INTO A_DOSSIER (DOSSIER_ID, MONTANT, PERIODICITE, TERME, IMPAYE, CRD, DEB_DATE, FIN_DATE) VALUES ('110726','64500','MENS','ECHU','N','61599',to_date('19/09/2017','DD/MM/RR'),to_date('15/04/2024','DD/MM/RR'));
INSERT INTO A_DOSSIER (DOSSIER_ID, MONTANT, PERIODICITE, TERME, IMPAYE, CRD, DEB_DATE, FIN_DATE) VALUES ('111136','66500','MENS','ECHU','N','63509',to_date('21/09/2017','DD/MM/RR'),to_date('17/04/2024','DD/MM/RR'));
INSERT INTO A_DOSSIER (DOSSIER_ID, MONTANT, PERIODICITE, TERME, IMPAYE, CRD, DEB_DATE, FIN_DATE) VALUES ('111341','67500','MENS','ECHU','N','64464',to_date('22/09/2017','DD/MM/RR'),to_date('18/04/2024','DD/MM/RR'));
INSERT INTO A_DOSSIER (DOSSIER_ID, MONTANT, PERIODICITE, TERME, IMPAYE, CRD, DEB_DATE, FIN_DATE) VALUES ('111546','68500','MENS','ECHU','N','65419',to_date('23/09/2017','DD/MM/RR'),to_date('19/04/2024','DD/MM/RR'));
INSERT INTO A_DOSSIER (DOSSIER_ID, MONTANT, PERIODICITE, TERME, IMPAYE, CRD, DEB_DATE, FIN_DATE) VALUES ('111561','69500','MENS','ECHU','N','66374',to_date('24/09/2017','DD/MM/RR'),to_date('20/04/2024','DD/MM/RR'));
INSERT INTO A_DOSSIER (DOSSIER_ID, MONTANT, PERIODICITE, TERME, IMPAYE, CRD, DEB_DATE, FIN_DATE) VALUES ('111766','70500','MENS','ECHU','N','67329',to_date('25/09/2017','DD/MM/RR'),to_date('21/04/2024','DD/MM/RR'));
INSERT INTO A_DOSSIER (DOSSIER_ID, MONTANT, PERIODICITE, TERME, IMPAYE, CRD, DEB_DATE, FIN_DATE) VALUES ('111971','70000','MENS','ECHU','N','66850',to_date('26/09/2017','DD/MM/RR'),to_date('22/04/2024','DD/MM/RR'));
INSERT INTO A_DOSSIER (DOSSIER_ID, MONTANT, PERIODICITE, TERME, IMPAYE, CRD, DEB_DATE, FIN_DATE) VALUES ('112176','69500','MENS','ECHU','N','66374',to_date('27/09/2017','DD/MM/RR'),to_date('23/04/2024','DD/MM/RR'));
INSERT INTO A_DOSSIER (DOSSIER_ID, MONTANT, PERIODICITE, TERME, IMPAYE, CRD, DEB_DATE, FIN_DATE) VALUES ('112381','69000','MENS','ECHU','N','65895',to_date('28/09/2017','DD/MM/RR'),to_date('24/04/2024','DD/MM/RR'));
INSERT INTO A_DOSSIER (DOSSIER_ID, MONTANT, PERIODICITE, TERME, IMPAYE, CRD, DEB_DATE, FIN_DATE) VALUES ('112586','68500','MENS','ECHU','N','66446',to_date('30/09/2017','DD/MM/RR'),to_date('26/04/2024','DD/MM/RR'));
INSERT INTO A_DOSSIER (DOSSIER_ID, MONTANT, PERIODICITE, TERME, IMPAYE, CRD, DEB_DATE, FIN_DATE) VALUES ('112791','68000','MENS','ECHU','N','65960',to_date('01/10/2017','DD/MM/RR'),to_date('27/04/2024','DD/MM/RR'));
INSERT INTO A_DOSSIER (DOSSIER_ID, MONTANT, PERIODICITE, TERME, IMPAYE, CRD, DEB_DATE, FIN_DATE) VALUES ('112896','67500','MENS','ECHU','N','65476',to_date('02/10/2017','DD/MM/RR'),to_date('28/04/2024','DD/MM/RR'));
INSERT INTO A_DOSSIER (DOSSIER_ID, MONTANT, PERIODICITE, TERME, IMPAYE, CRD, DEB_DATE, FIN_DATE) VALUES ('113306','66500','MENS','ECHU','N','64506',to_date('04/10/2017','DD/MM/RR'),to_date('30/04/2024','DD/MM/RR'));
INSERT INTO A_DOSSIER (DOSSIER_ID, MONTANT, PERIODICITE, TERME, IMPAYE, CRD, DEB_DATE, FIN_DATE) VALUES ('113511','66000','MENS','ECHU','N','64020',to_date('05/10/2017','DD/MM/RR'),to_date('01/05/2024','DD/MM/RR'));
INSERT INTO A_DOSSIER (DOSSIER_ID, MONTANT, PERIODICITE, TERME, IMPAYE, CRD, DEB_DATE, FIN_DATE) VALUES ('113716','65500','MENS','ECHU','N','63536',to_date('06/10/2017','DD/MM/RR'),to_date('02/05/2024','DD/MM/RR'));
INSERT INTO A_DOSSIER (DOSSIER_ID, MONTANT, PERIODICITE, TERME, IMPAYE, CRD, DEB_DATE, FIN_DATE) VALUES ('113921','65000','MENS','ECHU','N','63050',to_date('07/10/2017','DD/MM/RR'),to_date('03/05/2024','DD/MM/RR'));
INSERT INTO A_DOSSIER (DOSSIER_ID, MONTANT, PERIODICITE, TERME, IMPAYE, CRD, DEB_DATE, FIN_DATE) VALUES ('114126','64500','MENS','ECHU','N','62566',to_date('08/10/2017','DD/MM/RR'),to_date('04/05/2024','DD/MM/RR'));
INSERT INTO A_DOSSIER (DOSSIER_ID, MONTANT, PERIODICITE, TERME, IMPAYE, CRD, DEB_DATE, FIN_DATE) VALUES ('114331','64000','MENS','ECHU','N','62080',to_date('09/10/2017','DD/MM/RR'),to_date('05/05/2024','DD/MM/RR'));
INSERT INTO A_DOSSIER (DOSSIER_ID, MONTANT, PERIODICITE, TERME, IMPAYE, CRD, DEB_DATE, FIN_DATE) VALUES ('114536','63500','MENS','ECHU','N','61596',to_date('10/10/2017','DD/MM/RR'),to_date('06/05/2024','DD/MM/RR'));
INSERT INTO A_DOSSIER (DOSSIER_ID, MONTANT, PERIODICITE, TERME, IMPAYE, CRD, DEB_DATE, FIN_DATE) VALUES ('115041','63000','MENS','ECHU','N','61110',to_date('11/10/2017','DD/MM/RR'),to_date('07/05/2024','DD/MM/RR'));
INSERT INTO A_DOSSIER (DOSSIER_ID, MONTANT, PERIODICITE, TERME, IMPAYE, CRD, DEB_DATE, FIN_DATE) VALUES ('115246','62500','MENS','ECHU','N','60626',to_date('12/10/2017','DD/MM/RR'),to_date('08/05/2024','DD/MM/RR'));
INSERT INTO A_DOSSIER (DOSSIER_ID, MONTANT, PERIODICITE, TERME, IMPAYE, CRD, DEB_DATE, FIN_DATE) VALUES ('115451','62000','MENS','ECHOIR','N','60140',to_date('13/10/2017','DD/MM/RR'),to_date('09/05/2024','DD/MM/RR'));
INSERT INTO A_DOSSIER (DOSSIER_ID, MONTANT, PERIODICITE, TERME, IMPAYE, CRD, DEB_DATE, FIN_DATE) VALUES ('115656','61500','MENS','ECHOIR','N','59656',to_date('14/10/2017','DD/MM/RR'),to_date('10/05/2024','DD/MM/RR'));
INSERT INTO A_DOSSIER (DOSSIER_ID, MONTANT, PERIODICITE, TERME, IMPAYE, CRD, DEB_DATE, FIN_DATE) VALUES ('115861','61000','MENS','ECHOIR','N','59170',to_date('15/10/2017','DD/MM/RR'),to_date('11/05/2024','DD/MM/RR'));
INSERT INTO A_DOSSIER (DOSSIER_ID, MONTANT, PERIODICITE, TERME, IMPAYE, CRD, DEB_DATE, FIN_DATE) VALUES ('116066','60500','MENS','ECHOIR','N','58686',to_date('16/10/2017','DD/MM/RR'),to_date('12/05/2024','DD/MM/RR'));
INSERT INTO A_DOSSIER (DOSSIER_ID, MONTANT, PERIODICITE, TERME, IMPAYE, CRD, DEB_DATE, FIN_DATE) VALUES ('116271','60000','MENS','ECHU','N','58200',to_date('17/10/2017','DD/MM/RR'),to_date('13/05/2024','DD/MM/RR'));
INSERT INTO A_DOSSIER (DOSSIER_ID, MONTANT, PERIODICITE, TERME, IMPAYE, CRD, DEB_DATE, FIN_DATE) VALUES ('116476','59500','MENS','ECHU','N','57716',to_date('18/10/2017','DD/MM/RR'),to_date('14/05/2024','DD/MM/RR'));
INSERT INTO A_DOSSIER (DOSSIER_ID, MONTANT, PERIODICITE, TERME, IMPAYE, CRD, DEB_DATE, FIN_DATE) VALUES ('116681','59000','MENS','ECHU','N','57230',to_date('19/10/2017','DD/MM/RR'),to_date('15/05/2024','DD/MM/RR'));
INSERT INTO A_DOSSIER (DOSSIER_ID, MONTANT, PERIODICITE, TERME, IMPAYE, CRD, DEB_DATE, FIN_DATE) VALUES ('116886','58500','MENS','ECHU','N','56746',to_date('20/10/2017','DD/MM/RR'),to_date('16/05/2024','DD/MM/RR'));
INSERT INTO A_DOSSIER (DOSSIER_ID, MONTANT, PERIODICITE, TERME, IMPAYE, CRD, DEB_DATE, FIN_DATE) VALUES ('117091','58000','MENS','ECHU','N','56260',to_date('21/10/2017','DD/MM/RR'),to_date('17/05/2024','DD/MM/RR'));
INSERT INTO A_DOSSIER (DOSSIER_ID, MONTANT, PERIODICITE, TERME, IMPAYE, CRD, DEB_DATE, FIN_DATE) VALUES ('117296','57500','MENS','ECHU','N','55776',to_date('22/10/2017','DD/MM/RR'),to_date('18/05/2024','DD/MM/RR'));
INSERT INTO A_DOSSIER (DOSSIER_ID, MONTANT, PERIODICITE, TERME, IMPAYE, CRD, DEB_DATE, FIN_DATE) VALUES ('117501','57000','MENS','ECHU','N','55290',to_date('23/10/2017','DD/MM/RR'),to_date('19/05/2024','DD/MM/RR'));
INSERT INTO A_DOSSIER (DOSSIER_ID, MONTANT, PERIODICITE, TERME, IMPAYE, CRD, DEB_DATE, FIN_DATE) VALUES ('117706','56500','MENS','ECHU','N','54806',to_date('24/10/2017','DD/MM/RR'),to_date('20/05/2024','DD/MM/RR'));
INSERT INTO A_DOSSIER (DOSSIER_ID, MONTANT, PERIODICITE, TERME, IMPAYE, CRD, DEB_DATE, FIN_DATE) VALUES ('117911','56000','MENS','ECHU','N','54320',to_date('25/10/2017','DD/MM/RR'),to_date('21/05/2024','DD/MM/RR'));
INSERT INTO A_DOSSIER (DOSSIER_ID, MONTANT, PERIODICITE, TERME, IMPAYE, CRD, DEB_DATE, FIN_DATE) VALUES ('118116','55500','MENS','ECHU','N','53836',to_date('26/10/2017','DD/MM/RR'),to_date('22/05/2024','DD/MM/RR'));
INSERT INTO A_DOSSIER (DOSSIER_ID, MONTANT, PERIODICITE, TERME, IMPAYE, CRD, DEB_DATE, FIN_DATE) VALUES ('118321','55000','MENS','ECHU','N','53350',to_date('28/10/2017','DD/MM/RR'),to_date('24/05/2024','DD/MM/RR'));
INSERT INTO A_DOSSIER (DOSSIER_ID, MONTANT, PERIODICITE, TERME, IMPAYE, CRD, DEB_DATE, FIN_DATE) VALUES ('118526','54500','MENS','ECHU','N','52866',to_date('29/10/2017','DD/MM/RR'),to_date('25/05/2024','DD/MM/RR'));
INSERT INTO A_DOSSIER (DOSSIER_ID, MONTANT, PERIODICITE, TERME, IMPAYE, CRD, DEB_DATE, FIN_DATE) VALUES ('118731','54000','MENS','ECHU','N','53190',to_date('30/10/2017','DD/MM/RR'),to_date('26/05/2024','DD/MM/RR'));
INSERT INTO A_DOSSIER (DOSSIER_ID, MONTANT, PERIODICITE, TERME, IMPAYE, CRD, DEB_DATE, FIN_DATE) VALUES ('118936','53500','MENS','ECHU','N','52698',to_date('31/10/2017','DD/MM/RR'),to_date('27/05/2024','DD/MM/RR'));
INSERT INTO A_DOSSIER (DOSSIER_ID, MONTANT, PERIODICITE, TERME, IMPAYE, CRD, DEB_DATE, FIN_DATE) VALUES ('119346','52500','MENS','ECHU','N','51713',to_date('02/11/2017','DD/MM/RR'),to_date('29/05/2024','DD/MM/RR'));
INSERT INTO A_DOSSIER (DOSSIER_ID, MONTANT, PERIODICITE, TERME, IMPAYE, CRD, DEB_DATE, FIN_DATE) VALUES ('119551','52000','MENS','ECHU','N','51220',to_date('03/11/2017','DD/MM/RR'),to_date('30/05/2024','DD/MM/RR'));
INSERT INTO A_DOSSIER (DOSSIER_ID, MONTANT, PERIODICITE, TERME, IMPAYE, CRD, DEB_DATE, FIN_DATE) VALUES ('119756','51500','MENS','ECHOIR','N','50728',to_date('04/11/2017','DD/MM/RR'),to_date('31/05/2024','DD/MM/RR'));
INSERT INTO A_DOSSIER (DOSSIER_ID, MONTANT, PERIODICITE, TERME, IMPAYE, CRD, DEB_DATE, FIN_DATE) VALUES ('119961','51000','TRIM','ECHU','N','50235',to_date('05/11/2017','DD/MM/RR'),to_date('01/06/2024','DD/MM/RR'));
INSERT INTO A_DOSSIER (DOSSIER_ID, MONTANT, PERIODICITE, TERME, IMPAYE, CRD, DEB_DATE, FIN_DATE) VALUES ('120166','50500','MENS','ECHU','N','49743',to_date('06/11/2017','DD/MM/RR'),to_date('02/06/2024','DD/MM/RR'));
INSERT INTO A_DOSSIER (DOSSIER_ID, MONTANT, PERIODICITE, TERME, IMPAYE, CRD, DEB_DATE, FIN_DATE) VALUES ('120371','50000','MENS','ECHU','N','49250',to_date('07/11/2017','DD/MM/RR'),to_date('03/06/2024','DD/MM/RR'));
INSERT INTO A_DOSSIER (DOSSIER_ID, MONTANT, PERIODICITE, TERME, IMPAYE, CRD, DEB_DATE, FIN_DATE) VALUES ('120576','49500','MENS','ECHU','N','48758',to_date('08/11/2017','DD/MM/RR'),to_date('04/06/2024','DD/MM/RR'));
INSERT INTO A_DOSSIER (DOSSIER_ID, MONTANT, PERIODICITE, TERME, IMPAYE, CRD, DEB_DATE, FIN_DATE) VALUES ('120781','49000','MENS','ECHU','N','48265',to_date('09/11/2017','DD/MM/RR'),to_date('05/06/2024','DD/MM/RR'));
INSERT INTO A_DOSSIER (DOSSIER_ID, MONTANT, PERIODICITE, TERME, IMPAYE, CRD, DEB_DATE, FIN_DATE) VALUES ('120986','48500','MENS','ECHU','N','47773',to_date('10/11/2017','DD/MM/RR'),to_date('06/06/2024','DD/MM/RR'));
INSERT INTO A_DOSSIER (DOSSIER_ID, MONTANT, PERIODICITE, TERME, IMPAYE, CRD, DEB_DATE, FIN_DATE) VALUES ('121191','48000','MENS','ECHU','N','47280',to_date('11/11/2017','DD/MM/RR'),to_date('07/06/2024','DD/MM/RR'));
INSERT INTO A_DOSSIER (DOSSIER_ID, MONTANT, PERIODICITE, TERME, IMPAYE, CRD, DEB_DATE, FIN_DATE) VALUES ('121396','47500','MENS','ECHOIR','N','46788',to_date('12/11/2017','DD/MM/RR'),to_date('08/06/2024','DD/MM/RR'));
INSERT INTO A_DOSSIER (DOSSIER_ID, MONTANT, PERIODICITE, TERME, IMPAYE, CRD, DEB_DATE, FIN_DATE) VALUES ('121601','47000','TRIM','ECHOIR','N','46295',to_date('13/11/2017','DD/MM/RR'),to_date('09/06/2024','DD/MM/RR'));
INSERT INTO A_DOSSIER (DOSSIER_ID, MONTANT, PERIODICITE, TERME, IMPAYE, CRD, DEB_DATE, FIN_DATE) VALUES ('121806','46500','MENS','ECHOIR','N','45803',to_date('14/11/2017','DD/MM/RR'),to_date('10/06/2024','DD/MM/RR'));
INSERT INTO A_DOSSIER (DOSSIER_ID, MONTANT, PERIODICITE, TERME, IMPAYE, CRD, DEB_DATE, FIN_DATE) VALUES ('122011','46000','MENS','ECHOIR','N','45310',to_date('15/11/2017','DD/MM/RR'),to_date('11/06/2024','DD/MM/RR'));
INSERT INTO A_DOSSIER (DOSSIER_ID, MONTANT, PERIODICITE, TERME, IMPAYE, CRD, DEB_DATE, FIN_DATE) VALUES ('122216','45500','MENS','ECHU','N','44818',to_date('16/11/2017','DD/MM/RR'),to_date('12/06/2024','DD/MM/RR'));
INSERT INTO A_DOSSIER (DOSSIER_ID, MONTANT, PERIODICITE, TERME, IMPAYE, CRD, DEB_DATE, FIN_DATE) VALUES ('122421','45000','MENS','ECHU','N','44325',to_date('17/11/2017','DD/MM/RR'),to_date('13/06/2024','DD/MM/RR'));
INSERT INTO A_DOSSIER (DOSSIER_ID, MONTANT, PERIODICITE, TERME, IMPAYE, CRD, DEB_DATE, FIN_DATE) VALUES ('122626','44500','MENS','ECHU','N','43833',to_date('18/11/2017','DD/MM/RR'),to_date('14/06/2024','DD/MM/RR'));
INSERT INTO A_DOSSIER (DOSSIER_ID, MONTANT, PERIODICITE, TERME, IMPAYE, CRD, DEB_DATE, FIN_DATE) VALUES ('122831','44000','MENS','ECHU','N','43340',to_date('19/11/2017','DD/MM/RR'),to_date('15/06/2024','DD/MM/RR'));
INSERT INTO A_DOSSIER (DOSSIER_ID, MONTANT, PERIODICITE, TERME, IMPAYE, CRD, DEB_DATE, FIN_DATE) VALUES ('123036','43500','MENS','ECHU','N','42848',to_date('20/11/2017','DD/MM/RR'),to_date('16/06/2024','DD/MM/RR'));
INSERT INTO A_DOSSIER (DOSSIER_ID, MONTANT, PERIODICITE, TERME, IMPAYE, CRD, DEB_DATE, FIN_DATE) VALUES ('123241','43000','MENS','ECHU','N','42355',to_date('21/11/2017','DD/MM/RR'),to_date('17/06/2024','DD/MM/RR'));
INSERT INTO A_DOSSIER (DOSSIER_ID, MONTANT, PERIODICITE, TERME, IMPAYE, CRD, DEB_DATE, FIN_DATE) VALUES ('123446','42500','MENS','ECHU','N','41863',to_date('22/11/2017','DD/MM/RR'),to_date('18/06/2024','DD/MM/RR'));
INSERT INTO A_DOSSIER (DOSSIER_ID, MONTANT, PERIODICITE, TERME, IMPAYE, CRD, DEB_DATE, FIN_DATE) VALUES ('123651','42000','MENS','ECHU','N','41370',to_date('23/11/2017','DD/MM/RR'),to_date('19/06/2024','DD/MM/RR'));
INSERT INTO A_DOSSIER (DOSSIER_ID, MONTANT, PERIODICITE, TERME, IMPAYE, CRD, DEB_DATE, FIN_DATE) VALUES ('123856','41500','MENS','ECHU','N','40878',to_date('24/11/2017','DD/MM/RR'),to_date('20/06/2024','DD/MM/RR'));
INSERT INTO A_DOSSIER (DOSSIER_ID, MONTANT, PERIODICITE, TERME, IMPAYE, CRD, DEB_DATE, FIN_DATE) VALUES ('124061','41000','MENS','ECHU','N','40385',to_date('25/11/2017','DD/MM/RR'),to_date('21/06/2024','DD/MM/RR'));
INSERT INTO A_DOSSIER (DOSSIER_ID, MONTANT, PERIODICITE, TERME, IMPAYE, CRD, DEB_DATE, FIN_DATE) VALUES ('124266','40500','MENS','ECHU','N','39893',to_date('26/11/2017','DD/MM/RR'),to_date('22/06/2024','DD/MM/RR'));
INSERT INTO A_DOSSIER (DOSSIER_ID, MONTANT, PERIODICITE, TERME, IMPAYE, CRD, DEB_DATE, FIN_DATE) VALUES ('124471','40000','MENS','ECHU','N','39400',to_date('27/11/2017','DD/MM/RR'),to_date('23/06/2024','DD/MM/RR'));
INSERT INTO A_DOSSIER (DOSSIER_ID, MONTANT, PERIODICITE, TERME, IMPAYE, CRD, DEB_DATE, FIN_DATE) VALUES ('124676','39500','MENS','ECHU','N','38908',to_date('28/11/2017','DD/MM/RR'),to_date('24/06/2024','DD/MM/RR'));
INSERT INTO A_DOSSIER (DOSSIER_ID, MONTANT, PERIODICITE, TERME, IMPAYE, CRD, DEB_DATE, FIN_DATE) VALUES ('124881','39000','MENS','ECHU','N','38415',to_date('29/11/2017','DD/MM/RR'),to_date('25/06/2024','DD/MM/RR'));
INSERT INTO A_DOSSIER (DOSSIER_ID, MONTANT, PERIODICITE, TERME, IMPAYE, CRD, DEB_DATE, FIN_DATE) VALUES ('125086','38500','MENS','ECHU','N','38500',to_date('01/12/2017','DD/MM/RR'),to_date('27/06/2024','DD/MM/RR'));
INSERT INTO A_DOSSIER (DOSSIER_ID, MONTANT, PERIODICITE, TERME, IMPAYE, CRD, DEB_DATE, FIN_DATE) VALUES ('125691','38000','MENS','ECHU','N','38000',to_date('02/12/2017','DD/MM/RR'),to_date('28/06/2024','DD/MM/RR'));
INSERT INTO A_DOSSIER (DOSSIER_ID, MONTANT, PERIODICITE, TERME, IMPAYE, CRD, DEB_DATE, FIN_DATE) VALUES ('125896','37500','MENS','ECHU','N','37500',to_date('03/12/2017','DD/MM/RR'),to_date('29/06/2024','DD/MM/RR'));
INSERT INTO A_DOSSIER (DOSSIER_ID, MONTANT, PERIODICITE, TERME, IMPAYE, CRD, DEB_DATE, FIN_DATE) VALUES ('126101','37000','MENS','ECHU','N','37000',to_date('04/12/2017','DD/MM/RR'),to_date('30/06/2024','DD/MM/RR'));
INSERT INTO A_DOSSIER (DOSSIER_ID, MONTANT, PERIODICITE, TERME, IMPAYE, CRD, DEB_DATE, FIN_DATE) VALUES ('126306','36500','MENS','ECHU','N','36500',to_date('05/12/2017','DD/MM/RR'),to_date('01/07/2024','DD/MM/RR'));
INSERT INTO A_DOSSIER (DOSSIER_ID, MONTANT, PERIODICITE, TERME, IMPAYE, CRD, DEB_DATE, FIN_DATE) VALUES ('126716','35500','MENS','ECHU','N','35500',to_date('07/12/2017','DD/MM/RR'),to_date('03/07/2024','DD/MM/RR'));
INSERT INTO A_DOSSIER (DOSSIER_ID, MONTANT, PERIODICITE, TERME, IMPAYE, CRD, DEB_DATE, FIN_DATE) VALUES ('126921','35000','MENS','ECHU','N','35000',to_date('08/12/2017','DD/MM/RR'),to_date('04/07/2024','DD/MM/RR'));
INSERT INTO A_DOSSIER (DOSSIER_ID, MONTANT, PERIODICITE, TERME, IMPAYE, CRD, DEB_DATE, FIN_DATE) VALUES ('127126','34500','MENS','ECHU','N','34500',to_date('09/12/2017','DD/MM/RR'),to_date('05/07/2024','DD/MM/RR'));
INSERT INTO A_DOSSIER (DOSSIER_ID, MONTANT, PERIODICITE, TERME, IMPAYE, CRD, DEB_DATE, FIN_DATE) VALUES ('127331','34000','MENS','ECHU','N','34000',to_date('10/12/2017','DD/MM/RR'),to_date('06/07/2024','DD/MM/RR'));
INSERT INTO A_DOSSIER (DOSSIER_ID, MONTANT, PERIODICITE, TERME, IMPAYE, CRD, DEB_DATE, FIN_DATE) VALUES ('127536','33500','MENS','ECHU','N','33500',to_date('11/12/2017','DD/MM/RR'),to_date('07/07/2024','DD/MM/RR'));
INSERT INTO A_DOSSIER (DOSSIER_ID, MONTANT, PERIODICITE, TERME, IMPAYE, CRD, DEB_DATE, FIN_DATE) VALUES ('127741','33000','TRIM','ECHU','N','33000',to_date('12/12/2017','DD/MM/RR'),to_date('08/07/2024','DD/MM/RR'));
INSERT INTO A_DOSSIER (DOSSIER_ID, MONTANT, PERIODICITE, TERME, IMPAYE, CRD, DEB_DATE, FIN_DATE) VALUES ('127946','32500','MENS','ECHU','N','32500',to_date('13/12/2017','DD/MM/RR'),to_date('09/07/2024','DD/MM/RR'));
INSERT INTO A_DOSSIER (DOSSIER_ID, MONTANT, PERIODICITE, TERME, IMPAYE, CRD, DEB_DATE, FIN_DATE) VALUES ('128151','32000','MENS','ECHU','N','32000',to_date('14/12/2017','DD/MM/RR'),to_date('10/07/2024','DD/MM/RR'));
INSERT INTO A_DOSSIER (DOSSIER_ID, MONTANT, PERIODICITE, TERME, IMPAYE, CRD, DEB_DATE, FIN_DATE) VALUES ('128756','31500','MENS','ECHU','N','31500',to_date('15/12/2017','DD/MM/RR'),to_date('11/07/2024','DD/MM/RR'));
INSERT INTO A_DOSSIER (DOSSIER_ID, MONTANT, PERIODICITE, TERME, IMPAYE, CRD, DEB_DATE, FIN_DATE) VALUES ('129361','31000','MENS','ECHU','N','31000',to_date('16/12/2017','DD/MM/RR'),to_date('12/07/2024','DD/MM/RR'));
INSERT INTO A_DOSSIER (DOSSIER_ID, MONTANT, PERIODICITE, TERME, IMPAYE, CRD, DEB_DATE, FIN_DATE) VALUES ('129966','30500','TRIM','ECHU','N','30500',to_date('17/12/2017','DD/MM/RR'),to_date('13/07/2024','DD/MM/RR'));
INSERT INTO A_DOSSIER (DOSSIER_ID, MONTANT, PERIODICITE, TERME, IMPAYE, CRD, DEB_DATE, FIN_DATE) VALUES ('130571','30000','MENS','ECHU','N','30000',to_date('18/12/2017','DD/MM/RR'),to_date('14/07/2024','DD/MM/RR'));
INSERT INTO A_DOSSIER (DOSSIER_ID, MONTANT, PERIODICITE, TERME, IMPAYE, CRD, DEB_DATE, FIN_DATE) VALUES ('131176','29500','MENS','ECHU','N','29500',to_date('19/12/2017','DD/MM/RR'),to_date('15/07/2024','DD/MM/RR'));
INSERT INTO A_DOSSIER (DOSSIER_ID, MONTANT, PERIODICITE, TERME, IMPAYE, CRD, DEB_DATE, FIN_DATE) VALUES ('131781','29000','MENS','ECHU','N','29000',to_date('20/12/2017','DD/MM/RR'),to_date('16/07/2024','DD/MM/RR'));
INSERT INTO A_DOSSIER (DOSSIER_ID, MONTANT, PERIODICITE, TERME, IMPAYE, CRD, DEB_DATE, FIN_DATE) VALUES ('132386','28500','MENS','ECHU','N','28500',to_date('21/12/2017','DD/MM/RR'),to_date('17/07/2024','DD/MM/RR'));
INSERT INTO A_DOSSIER (DOSSIER_ID, MONTANT, PERIODICITE, TERME, IMPAYE, CRD, DEB_DATE, FIN_DATE) VALUES ('132991','28000','MENS','ECHU','N','28000',to_date('22/12/2017','DD/MM/RR'),to_date('18/07/2024','DD/MM/RR'));
INSERT INTO A_DOSSIER (DOSSIER_ID, MONTANT, PERIODICITE, TERME, IMPAYE, CRD, DEB_DATE, FIN_DATE) VALUES ('133596','27500','MENS','ECHU','N','27500',to_date('23/12/2017','DD/MM/RR'),to_date('19/07/2024','DD/MM/RR'));
INSERT INTO A_DOSSIER (DOSSIER_ID, MONTANT, PERIODICITE, TERME, IMPAYE, CRD, DEB_DATE, FIN_DATE) VALUES ('134201','27000','MENS','ECHU','N','27000',to_date('24/12/2017','DD/MM/RR'),to_date('20/07/2024','DD/MM/RR'));
INSERT INTO A_DOSSIER (DOSSIER_ID, MONTANT, PERIODICITE, TERME, IMPAYE, CRD, DEB_DATE, FIN_DATE) VALUES ('134806','26500','MENS','ECHU','N','26500',to_date('25/12/2017','DD/MM/RR'),to_date('21/07/2024','DD/MM/RR'));
INSERT INTO A_DOSSIER (DOSSIER_ID, MONTANT, PERIODICITE, TERME, IMPAYE, CRD, DEB_DATE, FIN_DATE) VALUES ('135411','26000','MENS','ECHU','N','26000',to_date('26/12/2017','DD/MM/RR'),to_date('22/07/2024','DD/MM/RR'));
INSERT INTO A_DOSSIER (DOSSIER_ID, MONTANT, PERIODICITE, TERME, IMPAYE, CRD, DEB_DATE, FIN_DATE) VALUES ('136016','25500','MENS','ECHU','N','25500',to_date('27/12/2017','DD/MM/RR'),to_date('23/07/2024','DD/MM/RR'));
INSERT INTO A_DOSSIER (DOSSIER_ID, MONTANT, PERIODICITE, TERME, IMPAYE, CRD, DEB_DATE, FIN_DATE) VALUES ('136621','25000','MENS','ECHU','N','25000',to_date('28/12/2017','DD/MM/RR'),to_date('24/07/2024','DD/MM/RR'));
INSERT INTO A_DOSSIER (DOSSIER_ID, MONTANT, PERIODICITE, TERME, IMPAYE, CRD, DEB_DATE, FIN_DATE) VALUES ('137226','24500','MENS','ECHU','N','24133',to_date('07/11/2017','DD/MM/RR'),to_date('03/06/2024','DD/MM/RR'));
INSERT INTO A_DOSSIER (DOSSIER_ID, MONTANT, PERIODICITE, TERME, IMPAYE, CRD, DEB_DATE, FIN_DATE) VALUES ('137831','24000','MENS','ECHU','N','23280',to_date('28/10/2017','DD/MM/RR'),to_date('24/05/2024','DD/MM/RR'));
INSERT INTO A_DOSSIER (DOSSIER_ID, MONTANT, PERIODICITE, TERME, IMPAYE, CRD, DEB_DATE, FIN_DATE) VALUES ('138436','23500','MENS','ECHU','N','22796',to_date('18/10/2017','DD/MM/RR'),to_date('14/05/2024','DD/MM/RR'));
INSERT INTO A_DOSSIER (DOSSIER_ID, MONTANT, PERIODICITE, TERME, IMPAYE, CRD, DEB_DATE, FIN_DATE) VALUES ('139041','23000','MENS','ECHU','N','22310',to_date('08/10/2017','DD/MM/RR'),to_date('04/05/2024','DD/MM/RR'));
INSERT INTO A_DOSSIER (DOSSIER_ID, MONTANT, PERIODICITE, TERME, IMPAYE, CRD, DEB_DATE, FIN_DATE) VALUES ('139646','22500','MENS','ECHU','N','21489',to_date('29/09/2017','DD/MM/RR'),to_date('25/04/2024','DD/MM/RR'));
INSERT INTO A_DOSSIER (DOSSIER_ID, MONTANT, PERIODICITE, TERME, IMPAYE, CRD, DEB_DATE, FIN_DATE) VALUES ('140251','22000','MENS','ECHU','N','21010',to_date('19/09/2017','DD/MM/RR'),to_date('15/04/2024','DD/MM/RR'));
INSERT INTO A_DOSSIER (DOSSIER_ID, MONTANT, PERIODICITE, TERME, IMPAYE, CRD, DEB_DATE, FIN_DATE) VALUES ('140856','21500','MENS','ECHU','N','20534',to_date('09/09/2017','DD/MM/RR'),to_date('05/04/2024','DD/MM/RR'));
INSERT INTO A_DOSSIER (DOSSIER_ID, MONTANT, PERIODICITE, TERME, IMPAYE, CRD, DEB_DATE, FIN_DATE) VALUES ('141461','21000','MENS','ECHU','N','20055',to_date('30/08/2017','DD/MM/RR'),to_date('26/03/2024','DD/MM/RR'));
INSERT INTO A_DOSSIER (DOSSIER_ID, MONTANT, PERIODICITE, TERME, IMPAYE, CRD, DEB_DATE, FIN_DATE) VALUES ('142066','20500','MENS','ECHU','N','19272',to_date('20/08/2017','DD/MM/RR'),to_date('16/03/2024','DD/MM/RR'));
INSERT INTO A_DOSSIER (DOSSIER_ID, MONTANT, PERIODICITE, TERME, IMPAYE, CRD, DEB_DATE, FIN_DATE) VALUES ('142671','20000','MENS','ECHU','N','18800',to_date('10/08/2017','DD/MM/RR'),to_date('06/03/2024','DD/MM/RR'));
INSERT INTO A_DOSSIER (DOSSIER_ID, MONTANT, PERIODICITE, TERME, IMPAYE, CRD, DEB_DATE, FIN_DATE) VALUES ('143881','19000','MENS','ECHU','N','17575',to_date('21/07/2017','DD/MM/RR'),to_date('15/02/2024','DD/MM/RR'));
INSERT INTO A_DOSSIER (DOSSIER_ID, MONTANT, PERIODICITE, TERME, IMPAYE, CRD, DEB_DATE, FIN_DATE) VALUES ('144486','18500','MENS','ECHU','N','17115',to_date('11/07/2017','DD/MM/RR'),to_date('05/02/2024','DD/MM/RR'));
INSERT INTO A_DOSSIER (DOSSIER_ID, MONTANT, PERIODICITE, TERME, IMPAYE, CRD, DEB_DATE, FIN_DATE) VALUES ('145091','18000','MENS','ECHU','N','16650',to_date('01/07/2017','DD/MM/RR'),to_date('26/01/2024','DD/MM/RR'));
INSERT INTO A_DOSSIER (DOSSIER_ID, MONTANT, PERIODICITE, TERME, IMPAYE, CRD, DEB_DATE, FIN_DATE) VALUES ('145696','17500','MENS','ECHU','N','15928',to_date('21/06/2017','DD/MM/RR'),to_date('16/01/2024','DD/MM/RR'));
INSERT INTO A_DOSSIER (DOSSIER_ID, MONTANT, PERIODICITE, TERME, IMPAYE, CRD, DEB_DATE, FIN_DATE) VALUES ('146301','17000','MENS','ECHU','N','15470',to_date('11/06/2017','DD/MM/RR'),to_date('06/01/2024','DD/MM/RR'));
INSERT INTO A_DOSSIER (DOSSIER_ID, MONTANT, PERIODICITE, TERME, IMPAYE, CRD, DEB_DATE, FIN_DATE) VALUES ('146906','16500','MENS','ECHU','N','15018',to_date('01/06/2017','DD/MM/RR'),to_date('27/12/2023','DD/MM/RR'));
INSERT INTO A_DOSSIER (DOSSIER_ID, MONTANT, PERIODICITE, TERME, IMPAYE, CRD, DEB_DATE, FIN_DATE) VALUES ('147511','16000','MENS','ECHU','N','14320',to_date('22/05/2017','DD/MM/RR'),to_date('17/12/2023','DD/MM/RR'));
INSERT INTO A_DOSSIER (DOSSIER_ID, MONTANT, PERIODICITE, TERME, IMPAYE, CRD, DEB_DATE, FIN_DATE) VALUES ('148116','15500','MENS','ECHU','N','13876',to_date('12/05/2017','DD/MM/RR'),to_date('07/12/2023','DD/MM/RR'));
INSERT INTO A_DOSSIER (DOSSIER_ID, MONTANT, PERIODICITE, TERME, IMPAYE, CRD, DEB_DATE, FIN_DATE) VALUES ('148721','15000','MENS','ECHU','N','13425',to_date('02/05/2017','DD/MM/RR'),to_date('27/11/2023','DD/MM/RR'));
INSERT INTO A_DOSSIER (DOSSIER_ID, MONTANT, PERIODICITE, TERME, IMPAYE, CRD, DEB_DATE, FIN_DATE) VALUES ('149326','14500','MENS','ECHU','N','12764',to_date('22/04/2017','DD/MM/RR'),to_date('17/11/2023','DD/MM/RR'));
INSERT INTO A_DOSSIER (DOSSIER_ID, MONTANT, PERIODICITE, TERME, IMPAYE, CRD, DEB_DATE, FIN_DATE) VALUES ('149327','14000','MENS','ECHU','N','12320',to_date('12/04/2017','DD/MM/RR'),to_date('07/11/2023','DD/MM/RR'));
INSERT INTO A_DOSSIER (DOSSIER_ID, MONTANT, PERIODICITE, TERME, IMPAYE, CRD, DEB_DATE, FIN_DATE) VALUES ('149328','13500','MENS','ECHU','N','11884',to_date('02/04/2017','DD/MM/RR'),to_date('28/10/2023','DD/MM/RR'));
INSERT INTO A_DOSSIER (DOSSIER_ID, MONTANT, PERIODICITE, TERME, IMPAYE, CRD, DEB_DATE, FIN_DATE) VALUES ('149329','13000','MENS','ECHU','N','11245',to_date('23/03/2017','DD/MM/RR'),to_date('18/10/2023','DD/MM/RR'));
INSERT INTO A_DOSSIER (DOSSIER_ID, MONTANT, PERIODICITE, TERME, IMPAYE, CRD, DEB_DATE, FIN_DATE) VALUES ('149330','12500','MENS','ECHU','N','10817',to_date('13/03/2017','DD/MM/RR'),to_date('08/10/2023','DD/MM/RR'));
INSERT INTO A_DOSSIER (DOSSIER_ID, MONTANT, PERIODICITE, TERME, IMPAYE, CRD, DEB_DATE, FIN_DATE) VALUES ('149331','12000','MENS','ECHU','N','10380',to_date('03/03/2017','DD/MM/RR'),to_date('28/09/2023','DD/MM/RR'));
INSERT INTO A_DOSSIER (DOSSIER_ID, MONTANT, PERIODICITE, TERME, IMPAYE, CRD, DEB_DATE, FIN_DATE) VALUES ('149332','11500','MENS','ECHU','N','9780',to_date('21/02/2017','DD/MM/RR'),to_date('18/09/2023','DD/MM/RR'));
INSERT INTO A_DOSSIER (DOSSIER_ID, MONTANT, PERIODICITE, TERME, IMPAYE, CRD, DEB_DATE, FIN_DATE) VALUES ('149333','11000','MENS','ECHU','N','9350',to_date('11/02/2017','DD/MM/RR'),to_date('08/09/2023','DD/MM/RR'));
INSERT INTO A_DOSSIER (DOSSIER_ID, MONTANT, PERIODICITE, TERME, IMPAYE, CRD, DEB_DATE, FIN_DATE) VALUES ('149334','10500','TRIM','ECHU','N','8930',to_date('01/02/2017','DD/MM/RR'),to_date('29/08/2023','DD/MM/RR'));
INSERT INTO A_DOSSIER (DOSSIER_ID, MONTANT, PERIODICITE, TERME, IMPAYE, CRD, DEB_DATE, FIN_DATE) VALUES ('149335','10000','MENS','ECHU','N','8350',to_date('22/01/2017','DD/MM/RR'),to_date('19/08/2023','DD/MM/RR'));
INSERT INTO A_DOSSIER (DOSSIER_ID, MONTANT, PERIODICITE, TERME, IMPAYE, CRD, DEB_DATE, FIN_DATE) VALUES ('149336','9500','MENS','ECHU','N','7938',to_date('12/01/2017','DD/MM/RR'),to_date('09/08/2023','DD/MM/RR'));
INSERT INTO A_DOSSIER (DOSSIER_ID, MONTANT, PERIODICITE, TERME, IMPAYE, CRD, DEB_DATE, FIN_DATE) VALUES ('149337','9000','MENS','ECHU','N','7515',to_date('02/01/2017','DD/MM/RR'),to_date('30/07/2023','DD/MM/RR'));
INSERT INTO A_DOSSIER (DOSSIER_ID, MONTANT, PERIODICITE, TERME, IMPAYE, CRD, DEB_DATE, FIN_DATE) VALUES ('149338','8500','MENS','ECHU','N','6976',to_date('23/12/2016','DD/MM/RR'),to_date('20/07/2023','DD/MM/RR'));
INSERT INTO A_DOSSIER (DOSSIER_ID, MONTANT, PERIODICITE, TERME, IMPAYE, CRD, DEB_DATE, FIN_DATE) VALUES ('149339','8000','MENS','ECHU','N','6560',to_date('14/12/2016','DD/MM/RR'),to_date('11/07/2023','DD/MM/RR'));
INSERT INTO A_DOSSIER (DOSSIER_ID, MONTANT, PERIODICITE, TERME, IMPAYE, CRD, DEB_DATE, FIN_DATE) VALUES ('149340','7500','MENS','ECHU','N','6156',to_date('04/12/2016','DD/MM/RR'),to_date('01/07/2023','DD/MM/RR'));
INSERT INTO A_DOSSIER (DOSSIER_ID, MONTANT, PERIODICITE, TERME, IMPAYE, CRD, DEB_DATE, FIN_DATE) VALUES ('149341','7000','MENS','ECHU','N','5635',to_date('24/11/2016','DD/MM/RR'),to_date('21/06/2023','DD/MM/RR'));
INSERT INTO A_DOSSIER (DOSSIER_ID, MONTANT, PERIODICITE, TERME, IMPAYE, CRD, DEB_DATE, FIN_DATE) VALUES ('149342','6500','MENS','ECHU','N','5239',to_date('14/11/2016','DD/MM/RR'),to_date('11/06/2023','DD/MM/RR'));
INSERT INTO A_DOSSIER (DOSSIER_ID, MONTANT, PERIODICITE, TERME, IMPAYE, CRD, DEB_DATE, FIN_DATE) VALUES ('149343','6000','MENS','ECHU','N','4830',to_date('15/11/2016','DD/MM/RR'),to_date('12/06/2023','DD/MM/RR'));
INSERT INTO A_DOSSIER (DOSSIER_ID, MONTANT, PERIODICITE, TERME, IMPAYE, CRD, DEB_DATE, FIN_DATE) VALUES ('149344','5500','MENS','ECHU','N','4434',to_date('16/11/2016','DD/MM/RR'),to_date('13/06/2023','DD/MM/RR'));
INSERT INTO A_DOSSIER (DOSSIER_ID, MONTANT, PERIODICITE, TERME, IMPAYE, CRD, DEB_DATE, FIN_DATE) VALUES ('149345','5000','MENS','ECHU','N','4025',to_date('17/11/2016','DD/MM/RR'),to_date('14/06/2023','DD/MM/RR'));
INSERT INTO A_DOSSIER (DOSSIER_ID, MONTANT, PERIODICITE, TERME, IMPAYE, CRD, DEB_DATE, FIN_DATE) VALUES ('149347','4000','MENS','ECHU','N','3220',to_date('19/11/2016','DD/MM/RR'),to_date('16/06/2023','DD/MM/RR'));
INSERT INTO A_DOSSIER (DOSSIER_ID, MONTANT, PERIODICITE, TERME, IMPAYE, CRD, DEB_DATE, FIN_DATE) VALUES ('149348','3500','MENS','ECHU','N','2824',to_date('20/11/2016','DD/MM/RR'),to_date('17/06/2023','DD/MM/RR'));
INSERT INTO A_DOSSIER (DOSSIER_ID, MONTANT, PERIODICITE, TERME, IMPAYE, CRD, DEB_DATE, FIN_DATE) VALUES ('149349','3000','MENS','ECHU','N','2415',to_date('21/11/2016','DD/MM/RR'),to_date('18/06/2023','DD/MM/RR'));
INSERT INTO A_DOSSIER (DOSSIER_ID, MONTANT, PERIODICITE, TERME, IMPAYE, CRD, DEB_DATE, FIN_DATE) VALUES ('149350','2500','MENS','ECHU','N','2019',to_date('22/11/2016','DD/MM/RR'),to_date('19/06/2023','DD/MM/RR'));

--ECH


INSERT INTO  A_ECHEANCE  (ECHEANCE_ID, MONTANT, STATUT, ECHEANCE_DATE, DOSSIER_ID) VALUES  ('1010011','540','PAYEE',to_date('31/08/2017','DD/MM/RR'),'101001');
INSERT INTO  A_ECHEANCE  (ECHEANCE_ID, MONTANT, STATUT, ECHEANCE_DATE, DOSSIER_ID) VALUES  ('1012061','502','PAYEE',to_date('01/09/2017','DD/MM/RR'),'101206');
INSERT INTO  A_ECHEANCE  (ECHEANCE_ID, MONTANT, STATUT, ECHEANCE_DATE, DOSSIER_ID) VALUES  ('1014111','465','IMPAYEE',to_date('02/09/2017','DD/MM/RR'),'101411');
INSERT INTO  A_ECHEANCE  (ECHEANCE_ID, MONTANT, STATUT, ECHEANCE_DATE, DOSSIER_ID) VALUES  ('1016161','427','IMPAYEE',to_date('03/09/2017','DD/MM/RR'),'101616');
INSERT INTO  A_ECHEANCE  (ECHEANCE_ID, MONTANT, STATUT, ECHEANCE_DATE, DOSSIER_ID) VALUES  ('1018211','390','PAYEE',to_date('04/09/2017','DD/MM/RR'),'101821');
INSERT INTO  A_ECHEANCE  (ECHEANCE_ID, MONTANT, STATUT, ECHEANCE_DATE, DOSSIER_ID) VALUES  ('1020261','352','PAYEE',to_date('05/09/2017','DD/MM/RR'),'102026');
INSERT INTO  A_ECHEANCE  (ECHEANCE_ID, MONTANT, STATUT, ECHEANCE_DATE, DOSSIER_ID) VALUES  ('1022311','367','PAYEE',to_date('06/09/2017','DD/MM/RR'),'102231');
INSERT INTO  A_ECHEANCE  (ECHEANCE_ID, MONTANT, STATUT, ECHEANCE_DATE, DOSSIER_ID) VALUES  ('1024361','382','PAYEE',to_date('07/09/2017','DD/MM/RR'),'102436');
INSERT INTO  A_ECHEANCE  (ECHEANCE_ID, MONTANT, STATUT, ECHEANCE_DATE, DOSSIER_ID) VALUES  ('1026411','397','PAYEE',to_date('08/09/2017','DD/MM/RR'),'102641');
INSERT INTO  A_ECHEANCE  (ECHEANCE_ID, MONTANT, STATUT, ECHEANCE_DATE, DOSSIER_ID) VALUES  ('1030511','427','PAYEE',to_date('11/09/2017','DD/MM/RR'),'103051');
INSERT INTO  A_ECHEANCE  (ECHEANCE_ID, MONTANT, STATUT, ECHEANCE_DATE, DOSSIER_ID) VALUES  ('1032561','442','PAYEE',to_date('12/09/2017','DD/MM/RR'),'103256');
INSERT INTO  A_ECHEANCE  (ECHEANCE_ID, MONTANT, STATUT, ECHEANCE_DATE, DOSSIER_ID) VALUES  ('1034611','457','PAYEE',to_date('13/09/2017','DD/MM/RR'),'103461');
INSERT INTO  A_ECHEANCE  (ECHEANCE_ID, MONTANT, STATUT, ECHEANCE_DATE, DOSSIER_ID) VALUES  ('1036661','472','PAYEE',to_date('14/09/2017','DD/MM/RR'),'103666');
INSERT INTO  A_ECHEANCE  (ECHEANCE_ID, MONTANT, STATUT, ECHEANCE_DATE, DOSSIER_ID) VALUES  ('1038711','487','PAYEE',to_date('15/09/2017','DD/MM/RR'),'103871');
INSERT INTO  A_ECHEANCE  (ECHEANCE_ID, MONTANT, STATUT, ECHEANCE_DATE, DOSSIER_ID) VALUES  ('1040761','502','PAYEE',to_date('16/09/2017','DD/MM/RR'),'104076');
INSERT INTO  A_ECHEANCE  (ECHEANCE_ID, MONTANT, STATUT, ECHEANCE_DATE, DOSSIER_ID) VALUES  ('1042811','517','PAYEE',to_date('17/09/2017','DD/MM/RR'),'104281');
INSERT INTO  A_ECHEANCE  (ECHEANCE_ID, MONTANT, STATUT, ECHEANCE_DATE, DOSSIER_ID) VALUES  ('1044861','532','PAYEE',to_date('18/09/2017','DD/MM/RR'),'104486');
INSERT INTO  A_ECHEANCE  (ECHEANCE_ID, MONTANT, STATUT, ECHEANCE_DATE, DOSSIER_ID) VALUES  ('1046911','547','PAYEE',to_date('19/09/2017','DD/MM/RR'),'104691');
INSERT INTO  A_ECHEANCE  (ECHEANCE_ID, MONTANT, STATUT, ECHEANCE_DATE, DOSSIER_ID) VALUES  ('1048961','562','PAYEE',to_date('20/09/2017','DD/MM/RR'),'104896');
INSERT INTO  A_ECHEANCE  (ECHEANCE_ID, MONTANT, STATUT, ECHEANCE_DATE, DOSSIER_ID) VALUES  ('1051011','577','PAYEE',to_date('21/09/2017','DD/MM/RR'),'105101');
INSERT INTO  A_ECHEANCE  (ECHEANCE_ID, MONTANT, STATUT, ECHEANCE_DATE, DOSSIER_ID) VALUES  ('1053061','592','PAYEE',to_date('22/09/2017','DD/MM/RR'),'105306');
INSERT INTO  A_ECHEANCE  (ECHEANCE_ID, MONTANT, STATUT, ECHEANCE_DATE, DOSSIER_ID) VALUES  ('1055111','607','PAYEE',to_date('24/09/2017','DD/MM/RR'),'105511');
INSERT INTO  A_ECHEANCE  (ECHEANCE_ID, MONTANT, STATUT, ECHEANCE_DATE, DOSSIER_ID) VALUES  ('1059211','637','PAYEE',to_date('26/09/2017','DD/MM/RR'),'105921');
INSERT INTO  A_ECHEANCE  (ECHEANCE_ID, MONTANT, STATUT, ECHEANCE_DATE, DOSSIER_ID) VALUES  ('1061261','652','PAYEE',to_date('27/09/2017','DD/MM/RR'),'106126');
INSERT INTO  A_ECHEANCE  (ECHEANCE_ID, MONTANT, STATUT, ECHEANCE_DATE, DOSSIER_ID) VALUES  ('1063311','667','PAYEE',to_date('28/09/2017','DD/MM/RR'),'106331');
INSERT INTO  A_ECHEANCE  (ECHEANCE_ID, MONTANT, STATUT, ECHEANCE_DATE, DOSSIER_ID) VALUES  ('1065361','682','PAYEE',to_date('29/09/2017','DD/MM/RR'),'106536');
INSERT INTO  A_ECHEANCE  (ECHEANCE_ID, MONTANT, STATUT, ECHEANCE_DATE, DOSSIER_ID) VALUES  ('1067411','697','PAYEE',to_date('30/09/2017','DD/MM/RR'),'106741');
INSERT INTO  A_ECHEANCE  (ECHEANCE_ID, MONTANT, STATUT, ECHEANCE_DATE, DOSSIER_ID) VALUES  ('1069461','712','PAYEE',to_date('01/10/2017','DD/MM/RR'),'106946');
INSERT INTO  A_ECHEANCE  (ECHEANCE_ID, MONTANT, STATUT, ECHEANCE_DATE, DOSSIER_ID) VALUES  ('1071511','727','PAYEE',to_date('02/10/2017','DD/MM/RR'),'107151');
INSERT INTO  A_ECHEANCE  (ECHEANCE_ID, MONTANT, STATUT, ECHEANCE_DATE, DOSSIER_ID) VALUES  ('1074561','742','PAYEE',to_date('03/10/2017','DD/MM/RR'),'107456');
INSERT INTO  A_ECHEANCE  (ECHEANCE_ID, MONTANT, STATUT, ECHEANCE_DATE, DOSSIER_ID) VALUES  ('1076611','757','PAYEE',to_date('04/10/2017','DD/MM/RR'),'107661');
INSERT INTO  A_ECHEANCE  (ECHEANCE_ID, MONTANT, STATUT, ECHEANCE_DATE, DOSSIER_ID) VALUES  ('1078661','772','PAYEE',to_date('05/10/2017','DD/MM/RR'),'107866');
INSERT INTO  A_ECHEANCE  (ECHEANCE_ID, MONTANT, STATUT, ECHEANCE_DATE, DOSSIER_ID) VALUES  ('1080711','787','PAYEE',to_date('06/10/2017','DD/MM/RR'),'108071');
INSERT INTO  A_ECHEANCE  (ECHEANCE_ID, MONTANT, STATUT, ECHEANCE_DATE, DOSSIER_ID) VALUES  ('1082761','802','PAYEE',to_date('07/10/2017','DD/MM/RR'),'108276');
INSERT INTO  A_ECHEANCE  (ECHEANCE_ID, MONTANT, STATUT, ECHEANCE_DATE, DOSSIER_ID) VALUES  ('1084811','817','PAYEE',to_date('08/10/2017','DD/MM/RR'),'108481');
INSERT INTO  A_ECHEANCE  (ECHEANCE_ID, MONTANT, STATUT, ECHEANCE_DATE, DOSSIER_ID) VALUES  ('1086861','832','PAYEE',to_date('09/10/2017','DD/MM/RR'),'108686');
INSERT INTO  A_ECHEANCE  (ECHEANCE_ID, MONTANT, STATUT, ECHEANCE_DATE, DOSSIER_ID) VALUES  ('1088911','847','PAYEE',to_date('10/10/2017','DD/MM/RR'),'108891');
INSERT INTO  A_ECHEANCE  (ECHEANCE_ID, MONTANT, STATUT, ECHEANCE_DATE, DOSSIER_ID) VALUES  ('1090961','862','PAYEE',to_date('11/10/2017','DD/MM/RR'),'109096');
INSERT INTO  A_ECHEANCE  (ECHEANCE_ID, MONTANT, STATUT, ECHEANCE_DATE, DOSSIER_ID) VALUES  ('1093011','877','PAYEE',to_date('12/10/2017','DD/MM/RR'),'109301');
INSERT INTO  A_ECHEANCE  (ECHEANCE_ID, MONTANT, STATUT, ECHEANCE_DATE, DOSSIER_ID) VALUES  ('1095061','892','PAYEE',to_date('13/10/2017','DD/MM/RR'),'109506');
INSERT INTO  A_ECHEANCE  (ECHEANCE_ID, MONTANT, STATUT, ECHEANCE_DATE, DOSSIER_ID) VALUES  ('1097111','907','PAYEE',to_date('14/10/2017','DD/MM/RR'),'109711');
INSERT INTO  A_ECHEANCE  (ECHEANCE_ID, MONTANT, STATUT, ECHEANCE_DATE, DOSSIER_ID) VALUES  ('1099161','922','PAYEE',to_date('15/10/2017','DD/MM/RR'),'109916');
INSERT INTO  A_ECHEANCE  (ECHEANCE_ID, MONTANT, STATUT, ECHEANCE_DATE, DOSSIER_ID) VALUES  ('1101211','937','PAYEE',to_date('16/10/2017','DD/MM/RR'),'110121');
INSERT INTO  A_ECHEANCE  (ECHEANCE_ID, MONTANT, STATUT, ECHEANCE_DATE, DOSSIER_ID) VALUES  ('1105211','952','PAYEE',to_date('18/10/2017','DD/MM/RR'),'110521');
INSERT INTO  A_ECHEANCE  (ECHEANCE_ID, MONTANT, STATUT, ECHEANCE_DATE, DOSSIER_ID) VALUES  ('1107261','967','PAYEE',to_date('19/10/2017','DD/MM/RR'),'110726');
INSERT INTO  A_ECHEANCE  (ECHEANCE_ID, MONTANT, STATUT, ECHEANCE_DATE, DOSSIER_ID) VALUES  ('1111361','997','PAYEE',to_date('21/10/2017','DD/MM/RR'),'111136');
INSERT INTO  A_ECHEANCE  (ECHEANCE_ID, MONTANT, STATUT, ECHEANCE_DATE, DOSSIER_ID) VALUES  ('1113411','1012','PAYEE',to_date('22/10/2017','DD/MM/RR'),'111341');
INSERT INTO  A_ECHEANCE  (ECHEANCE_ID, MONTANT, STATUT, ECHEANCE_DATE, DOSSIER_ID) VALUES  ('1115461','1027','PAYEE',to_date('23/10/2017','DD/MM/RR'),'111546');
INSERT INTO  A_ECHEANCE  (ECHEANCE_ID, MONTANT, STATUT, ECHEANCE_DATE, DOSSIER_ID) VALUES  ('1115611','1042','PAYEE',to_date('24/10/2017','DD/MM/RR'),'111561');
INSERT INTO  A_ECHEANCE  (ECHEANCE_ID, MONTANT, STATUT, ECHEANCE_DATE, DOSSIER_ID) VALUES  ('1117661','1057','PAYEE',to_date('25/10/2017','DD/MM/RR'),'111766');
INSERT INTO  A_ECHEANCE  (ECHEANCE_ID, MONTANT, STATUT, ECHEANCE_DATE, DOSSIER_ID) VALUES  ('1119711','1050','PAYEE',to_date('26/10/2017','DD/MM/RR'),'111971');
INSERT INTO  A_ECHEANCE  (ECHEANCE_ID, MONTANT, STATUT, ECHEANCE_DATE, DOSSIER_ID) VALUES  ('1121761','1042','PAYEE',to_date('27/10/2017','DD/MM/RR'),'112176');
INSERT INTO  A_ECHEANCE  (ECHEANCE_ID, MONTANT, STATUT, ECHEANCE_DATE, DOSSIER_ID) VALUES  ('1123811','1035','PAYEE',to_date('28/10/2017','DD/MM/RR'),'112381');
INSERT INTO  A_ECHEANCE  (ECHEANCE_ID, MONTANT, STATUT, ECHEANCE_DATE, DOSSIER_ID) VALUES  ('1125861','1027','PAYEE',to_date('30/10/2017','DD/MM/RR'),'112586');
INSERT INTO  A_ECHEANCE  (ECHEANCE_ID, MONTANT, STATUT, ECHEANCE_DATE, DOSSIER_ID) VALUES  ('1127911','1020','PAYEE',to_date('31/10/2017','DD/MM/RR'),'112791');
INSERT INTO  A_ECHEANCE  (ECHEANCE_ID, MONTANT, STATUT, ECHEANCE_DATE, DOSSIER_ID) VALUES  ('1128961','1012','PAYEE',to_date('01/11/2017','DD/MM/RR'),'112896');
INSERT INTO  A_ECHEANCE  (ECHEANCE_ID, MONTANT, STATUT, ECHEANCE_DATE, DOSSIER_ID) VALUES  ('1133061','997','PAYEE',to_date('03/11/2017','DD/MM/RR'),'113306');
INSERT INTO  A_ECHEANCE  (ECHEANCE_ID, MONTANT, STATUT, ECHEANCE_DATE, DOSSIER_ID) VALUES  ('1135111','990','PAYEE',to_date('04/11/2017','DD/MM/RR'),'113511');
INSERT INTO  A_ECHEANCE  (ECHEANCE_ID, MONTANT, STATUT, ECHEANCE_DATE, DOSSIER_ID) VALUES  ('1137161','982','PAYEE',to_date('05/11/2017','DD/MM/RR'),'113716');
INSERT INTO  A_ECHEANCE  (ECHEANCE_ID, MONTANT, STATUT, ECHEANCE_DATE, DOSSIER_ID) VALUES  ('1139211','975','PAYEE',to_date('06/11/2017','DD/MM/RR'),'113921');
INSERT INTO  A_ECHEANCE  (ECHEANCE_ID, MONTANT, STATUT, ECHEANCE_DATE, DOSSIER_ID) VALUES  ('1141261','967','PAYEE',to_date('07/11/2017','DD/MM/RR'),'114126');
INSERT INTO  A_ECHEANCE  (ECHEANCE_ID, MONTANT, STATUT, ECHEANCE_DATE, DOSSIER_ID) VALUES  ('1143311','960','PAYEE',to_date('08/11/2017','DD/MM/RR'),'114331');
INSERT INTO  A_ECHEANCE  (ECHEANCE_ID, MONTANT, STATUT, ECHEANCE_DATE, DOSSIER_ID) VALUES  ('1145361','952','PAYEE',to_date('09/11/2017','DD/MM/RR'),'114536');
INSERT INTO  A_ECHEANCE  (ECHEANCE_ID, MONTANT, STATUT, ECHEANCE_DATE, DOSSIER_ID) VALUES  ('1150411','945','PAYEE',to_date('10/11/2017','DD/MM/RR'),'115041');
INSERT INTO  A_ECHEANCE  (ECHEANCE_ID, MONTANT, STATUT, ECHEANCE_DATE, DOSSIER_ID) VALUES  ('1152461','937','PAYEE',to_date('11/11/2017','DD/MM/RR'),'115246');
INSERT INTO  A_ECHEANCE  (ECHEANCE_ID, MONTANT, STATUT, ECHEANCE_DATE, DOSSIER_ID) VALUES  ('1154511','930','PAYEE',to_date('12/11/2017','DD/MM/RR'),'115451');
INSERT INTO  A_ECHEANCE  (ECHEANCE_ID, MONTANT, STATUT, ECHEANCE_DATE, DOSSIER_ID) VALUES  ('1156561','922','PAYEE',to_date('13/11/2017','DD/MM/RR'),'115656');
INSERT INTO  A_ECHEANCE  (ECHEANCE_ID, MONTANT, STATUT, ECHEANCE_DATE, DOSSIER_ID) VALUES  ('1158611','915','PAYEE',to_date('14/11/2017','DD/MM/RR'),'115861');
INSERT INTO  A_ECHEANCE  (ECHEANCE_ID, MONTANT, STATUT, ECHEANCE_DATE, DOSSIER_ID) VALUES  ('1160661','907','PAYEE',to_date('15/11/2017','DD/MM/RR'),'116066');
INSERT INTO  A_ECHEANCE  (ECHEANCE_ID, MONTANT, STATUT, ECHEANCE_DATE, DOSSIER_ID) VALUES  ('1162711','900','PAYEE',to_date('16/11/2017','DD/MM/RR'),'116271');
INSERT INTO  A_ECHEANCE  (ECHEANCE_ID, MONTANT, STATUT, ECHEANCE_DATE, DOSSIER_ID) VALUES  ('1164761','892','PAYEE',to_date('17/11/2017','DD/MM/RR'),'116476');
INSERT INTO  A_ECHEANCE  (ECHEANCE_ID, MONTANT, STATUT, ECHEANCE_DATE, DOSSIER_ID) VALUES  ('1166811','885','PAYEE',to_date('18/11/2017','DD/MM/RR'),'116681');
INSERT INTO  A_ECHEANCE  (ECHEANCE_ID, MONTANT, STATUT, ECHEANCE_DATE, DOSSIER_ID) VALUES  ('1168861','877','PAYEE',to_date('19/11/2017','DD/MM/RR'),'116886');
INSERT INTO  A_ECHEANCE  (ECHEANCE_ID, MONTANT, STATUT, ECHEANCE_DATE, DOSSIER_ID) VALUES  ('1170911','870','PAYEE',to_date('20/11/2017','DD/MM/RR'),'117091');
INSERT INTO  A_ECHEANCE  (ECHEANCE_ID, MONTANT, STATUT, ECHEANCE_DATE, DOSSIER_ID) VALUES  ('1172961','862','PAYEE',to_date('21/11/2017','DD/MM/RR'),'117296');
INSERT INTO  A_ECHEANCE  (ECHEANCE_ID, MONTANT, STATUT, ECHEANCE_DATE, DOSSIER_ID) VALUES  ('1175011','855','PAYEE',to_date('22/11/2017','DD/MM/RR'),'117501');
INSERT INTO  A_ECHEANCE  (ECHEANCE_ID, MONTANT, STATUT, ECHEANCE_DATE, DOSSIER_ID) VALUES  ('1177061','847','PAYEE',to_date('23/11/2017','DD/MM/RR'),'117706');
INSERT INTO  A_ECHEANCE  (ECHEANCE_ID, MONTANT, STATUT, ECHEANCE_DATE, DOSSIER_ID) VALUES  ('1179111','840','PAYEE',to_date('24/11/2017','DD/MM/RR'),'117911');
INSERT INTO  A_ECHEANCE  (ECHEANCE_ID, MONTANT, STATUT, ECHEANCE_DATE, DOSSIER_ID) VALUES  ('1181161','832','PAYEE',to_date('25/11/2017','DD/MM/RR'),'118116');
INSERT INTO  A_ECHEANCE  (ECHEANCE_ID, MONTANT, STATUT, ECHEANCE_DATE, DOSSIER_ID) VALUES  ('1183211','825','PAYEE',to_date('27/11/2017','DD/MM/RR'),'118321');
INSERT INTO  A_ECHEANCE  (ECHEANCE_ID, MONTANT, STATUT, ECHEANCE_DATE, DOSSIER_ID) VALUES  ('1185261','817','PAYEE',to_date('28/11/2017','DD/MM/RR'),'118526');
INSERT INTO  A_ECHEANCE  (ECHEANCE_ID, MONTANT, STATUT, ECHEANCE_DATE, DOSSIER_ID) VALUES  ('1187311','810','PAYEE',to_date('29/11/2017','DD/MM/RR'),'118731');
INSERT INTO  A_ECHEANCE  (ECHEANCE_ID, MONTANT, STATUT, ECHEANCE_DATE, DOSSIER_ID) VALUES  ('1189361','802','PAYEE',to_date('30/11/2017','DD/MM/RR'),'118936');
INSERT INTO  A_ECHEANCE  (ECHEANCE_ID, MONTANT, STATUT, ECHEANCE_DATE, DOSSIER_ID) VALUES  ('1193461','787','PAYEE',to_date('02/12/2017','DD/MM/RR'),'119346');
INSERT INTO  A_ECHEANCE  (ECHEANCE_ID, MONTANT, STATUT, ECHEANCE_DATE, DOSSIER_ID) VALUES  ('1195511','780','PAYEE',to_date('03/12/2017','DD/MM/RR'),'119551');
INSERT INTO  A_ECHEANCE  (ECHEANCE_ID, MONTANT, STATUT, ECHEANCE_DATE, DOSSIER_ID) VALUES  ('1197561','772','PAYEE',to_date('04/12/2017','DD/MM/RR'),'119756');
INSERT INTO  A_ECHEANCE  (ECHEANCE_ID, MONTANT, STATUT, ECHEANCE_DATE, DOSSIER_ID) VALUES  ('1199611','765','PAYEE',to_date('05/12/2017','DD/MM/RR'),'119961');
INSERT INTO  A_ECHEANCE  (ECHEANCE_ID, MONTANT, STATUT, ECHEANCE_DATE, DOSSIER_ID) VALUES  ('1201661','757','PAYEE',to_date('06/12/2017','DD/MM/RR'),'120166');
INSERT INTO  A_ECHEANCE  (ECHEANCE_ID, MONTANT, STATUT, ECHEANCE_DATE, DOSSIER_ID) VALUES  ('1203711','750','PAYEE',to_date('07/12/2017','DD/MM/RR'),'120371');
INSERT INTO  A_ECHEANCE  (ECHEANCE_ID, MONTANT, STATUT, ECHEANCE_DATE, DOSSIER_ID) VALUES  ('1205761','742','PAYEE',to_date('08/12/2017','DD/MM/RR'),'120576');
INSERT INTO  A_ECHEANCE  (ECHEANCE_ID, MONTANT, STATUT, ECHEANCE_DATE, DOSSIER_ID) VALUES  ('1207811','735','PAYEE',to_date('09/12/2017','DD/MM/RR'),'120781');
INSERT INTO  A_ECHEANCE  (ECHEANCE_ID, MONTANT, STATUT, ECHEANCE_DATE, DOSSIER_ID) VALUES  ('1209861','727','PAYEE',to_date('10/12/2017','DD/MM/RR'),'120986');
INSERT INTO  A_ECHEANCE  (ECHEANCE_ID, MONTANT, STATUT, ECHEANCE_DATE, DOSSIER_ID) VALUES  ('1211911','720','PAYEE',to_date('11/12/2017','DD/MM/RR'),'121191');
INSERT INTO  A_ECHEANCE  (ECHEANCE_ID, MONTANT, STATUT, ECHEANCE_DATE, DOSSIER_ID) VALUES  ('1213961','712','PAYEE',to_date('12/12/2017','DD/MM/RR'),'121396');
INSERT INTO  A_ECHEANCE  (ECHEANCE_ID, MONTANT, STATUT, ECHEANCE_DATE, DOSSIER_ID) VALUES  ('1216011','705','PAYEE',to_date('13/12/2017','DD/MM/RR'),'121601');
INSERT INTO  A_ECHEANCE  (ECHEANCE_ID, MONTANT, STATUT, ECHEANCE_DATE, DOSSIER_ID) VALUES  ('1218061','697','PAYEE',to_date('14/12/2017','DD/MM/RR'),'121806');
INSERT INTO  A_ECHEANCE  (ECHEANCE_ID, MONTANT, STATUT, ECHEANCE_DATE, DOSSIER_ID) VALUES  ('1220111','690','PAYEE',to_date('15/12/2017','DD/MM/RR'),'122011');
INSERT INTO  A_ECHEANCE  (ECHEANCE_ID, MONTANT, STATUT, ECHEANCE_DATE, DOSSIER_ID) VALUES  ('1222161','682','PAYEE',to_date('16/12/2017','DD/MM/RR'),'122216');
INSERT INTO  A_ECHEANCE  (ECHEANCE_ID, MONTANT, STATUT, ECHEANCE_DATE, DOSSIER_ID) VALUES  ('1224211','675','PAYEE',to_date('17/12/2017','DD/MM/RR'),'122421');
INSERT INTO  A_ECHEANCE  (ECHEANCE_ID, MONTANT, STATUT, ECHEANCE_DATE, DOSSIER_ID) VALUES  ('1226261','667','PAYEE',to_date('18/12/2017','DD/MM/RR'),'122626');
INSERT INTO  A_ECHEANCE  (ECHEANCE_ID, MONTANT, STATUT, ECHEANCE_DATE, DOSSIER_ID) VALUES  ('1228311','660','PAYEE',to_date('19/12/2017','DD/MM/RR'),'122831');
INSERT INTO  A_ECHEANCE  (ECHEANCE_ID, MONTANT, STATUT, ECHEANCE_DATE, DOSSIER_ID) VALUES  ('1230361','652','PAYEE',to_date('20/12/2017','DD/MM/RR'),'123036');
INSERT INTO  A_ECHEANCE  (ECHEANCE_ID, MONTANT, STATUT, ECHEANCE_DATE, DOSSIER_ID) VALUES  ('1232411','645','PAYEE',to_date('21/12/2017','DD/MM/RR'),'123241');
INSERT INTO  A_ECHEANCE  (ECHEANCE_ID, MONTANT, STATUT, ECHEANCE_DATE, DOSSIER_ID) VALUES  ('1234461','637','PAYEE',to_date('22/12/2017','DD/MM/RR'),'123446');
INSERT INTO  A_ECHEANCE  (ECHEANCE_ID, MONTANT, STATUT, ECHEANCE_DATE, DOSSIER_ID) VALUES  ('1236511','630','PAYEE',to_date('23/12/2017','DD/MM/RR'),'123651');
INSERT INTO  A_ECHEANCE  (ECHEANCE_ID, MONTANT, STATUT, ECHEANCE_DATE, DOSSIER_ID) VALUES  ('1238561','622','PAYEE',to_date('24/12/2017','DD/MM/RR'),'123856');
INSERT INTO  A_ECHEANCE  (ECHEANCE_ID, MONTANT, STATUT, ECHEANCE_DATE, DOSSIER_ID) VALUES  ('1240611','615','PAYEE',to_date('25/12/2017','DD/MM/RR'),'124061');
INSERT INTO  A_ECHEANCE  (ECHEANCE_ID, MONTANT, STATUT, ECHEANCE_DATE, DOSSIER_ID) VALUES  ('1242661','607','PAYEE',to_date('26/12/2017','DD/MM/RR'),'124266');
INSERT INTO  A_ECHEANCE  (ECHEANCE_ID, MONTANT, STATUT, ECHEANCE_DATE, DOSSIER_ID) VALUES  ('1244711','600','PAYEE',to_date('27/12/2017','DD/MM/RR'),'124471');
INSERT INTO  A_ECHEANCE  (ECHEANCE_ID, MONTANT, STATUT, ECHEANCE_DATE, DOSSIER_ID) VALUES  ('1246761','592','PAYEE',to_date('28/12/2017','DD/MM/RR'),'124676');
INSERT INTO  A_ECHEANCE  (ECHEANCE_ID, MONTANT, STATUT, ECHEANCE_DATE, DOSSIER_ID) VALUES  ('1248811','585','PAYEE',to_date('29/12/2017','DD/MM/RR'),'124881');
INSERT INTO  A_ECHEANCE  (ECHEANCE_ID, MONTANT, STATUT, ECHEANCE_DATE, DOSSIER_ID) VALUES  ('1250861','577','PAYEE',to_date('31/12/2017','DD/MM/RR'),'125086');
INSERT INTO  A_ECHEANCE  (ECHEANCE_ID, MONTANT, STATUT, ECHEANCE_DATE, DOSSIER_ID) VALUES  ('1256911','570','PAYEE',to_date('01/01/2018','DD/MM/RR'),'125691');
INSERT INTO  A_ECHEANCE  (ECHEANCE_ID, MONTANT, STATUT, ECHEANCE_DATE, DOSSIER_ID) VALUES  ('1258961','562','PAYEE',to_date('02/01/2018','DD/MM/RR'),'125896');
INSERT INTO  A_ECHEANCE  (ECHEANCE_ID, MONTANT, STATUT, ECHEANCE_DATE, DOSSIER_ID) VALUES  ('1261011','555','PAYEE',to_date('03/01/2018','DD/MM/RR'),'126101');
INSERT INTO  A_ECHEANCE  (ECHEANCE_ID, MONTANT, STATUT, ECHEANCE_DATE, DOSSIER_ID) VALUES  ('1263061','547','PAYEE',to_date('04/01/2018','DD/MM/RR'),'126306');
INSERT INTO  A_ECHEANCE  (ECHEANCE_ID, MONTANT, STATUT, ECHEANCE_DATE, DOSSIER_ID) VALUES  ('1267161','532','PAYEE',to_date('06/01/2018','DD/MM/RR'),'126716');
INSERT INTO  A_ECHEANCE  (ECHEANCE_ID, MONTANT, STATUT, ECHEANCE_DATE, DOSSIER_ID) VALUES  ('1269211','525','PAYEE',to_date('07/01/2018','DD/MM/RR'),'126921');
INSERT INTO  A_ECHEANCE  (ECHEANCE_ID, MONTANT, STATUT, ECHEANCE_DATE, DOSSIER_ID) VALUES  ('1271261','517','PAYEE',to_date('08/01/2018','DD/MM/RR'),'127126');
INSERT INTO  A_ECHEANCE  (ECHEANCE_ID, MONTANT, STATUT, ECHEANCE_DATE, DOSSIER_ID) VALUES  ('1273311','510','PAYEE',to_date('09/01/2018','DD/MM/RR'),'127331');
INSERT INTO  A_ECHEANCE  (ECHEANCE_ID, MONTANT, STATUT, ECHEANCE_DATE, DOSSIER_ID) VALUES  ('1275361','502','PAYEE',to_date('10/01/2018','DD/MM/RR'),'127536');
INSERT INTO  A_ECHEANCE  (ECHEANCE_ID, MONTANT, STATUT, ECHEANCE_DATE, DOSSIER_ID) VALUES  ('1277411','495','PAYEE',to_date('11/01/2018','DD/MM/RR'),'127741');
INSERT INTO  A_ECHEANCE  (ECHEANCE_ID, MONTANT, STATUT, ECHEANCE_DATE, DOSSIER_ID) VALUES  ('1279461','487','PAYEE',to_date('12/01/2018','DD/MM/RR'),'127946');
INSERT INTO  A_ECHEANCE  (ECHEANCE_ID, MONTANT, STATUT, ECHEANCE_DATE, DOSSIER_ID) VALUES  ('1281511','480','PAYEE',to_date('13/01/2018','DD/MM/RR'),'128151');
INSERT INTO  A_ECHEANCE  (ECHEANCE_ID, MONTANT, STATUT, ECHEANCE_DATE, DOSSIER_ID) VALUES  ('1287561','472','PAYEE',to_date('14/01/2018','DD/MM/RR'),'128756');
INSERT INTO  A_ECHEANCE  (ECHEANCE_ID, MONTANT, STATUT, ECHEANCE_DATE, DOSSIER_ID) VALUES  ('1293611','465','PAYEE',to_date('15/01/2018','DD/MM/RR'),'129361');
INSERT INTO  A_ECHEANCE  (ECHEANCE_ID, MONTANT, STATUT, ECHEANCE_DATE, DOSSIER_ID) VALUES  ('1299661','457','PAYEE',to_date('16/01/2018','DD/MM/RR'),'129966');
INSERT INTO  A_ECHEANCE  (ECHEANCE_ID, MONTANT, STATUT, ECHEANCE_DATE, DOSSIER_ID) VALUES  ('1305711','450','PAYEE',to_date('17/01/2018','DD/MM/RR'),'130571');
INSERT INTO  A_ECHEANCE  (ECHEANCE_ID, MONTANT, STATUT, ECHEANCE_DATE, DOSSIER_ID) VALUES  ('1311761','442','PAYEE',to_date('18/01/2018','DD/MM/RR'),'131176');
INSERT INTO  A_ECHEANCE  (ECHEANCE_ID, MONTANT, STATUT, ECHEANCE_DATE, DOSSIER_ID) VALUES  ('1317811','435','PAYEE',to_date('19/01/2018','DD/MM/RR'),'131781');
INSERT INTO  A_ECHEANCE  (ECHEANCE_ID, MONTANT, STATUT, ECHEANCE_DATE, DOSSIER_ID) VALUES  ('1323861','427','PAYEE',to_date('20/01/2018','DD/MM/RR'),'132386');
INSERT INTO  A_ECHEANCE  (ECHEANCE_ID, MONTANT, STATUT, ECHEANCE_DATE, DOSSIER_ID) VALUES  ('1329911','420','PAYEE',to_date('21/01/2018','DD/MM/RR'),'132991');
INSERT INTO  A_ECHEANCE  (ECHEANCE_ID, MONTANT, STATUT, ECHEANCE_DATE, DOSSIER_ID) VALUES  ('1335961','412','PAYEE',to_date('22/01/2018','DD/MM/RR'),'133596');
INSERT INTO  A_ECHEANCE  (ECHEANCE_ID, MONTANT, STATUT, ECHEANCE_DATE, DOSSIER_ID) VALUES  ('1342011','405','PAYEE',to_date('23/01/2018','DD/MM/RR'),'134201');
INSERT INTO  A_ECHEANCE  (ECHEANCE_ID, MONTANT, STATUT, ECHEANCE_DATE, DOSSIER_ID) VALUES  ('1348061','397','PAYEE',to_date('24/01/2018','DD/MM/RR'),'134806');
INSERT INTO  A_ECHEANCE  (ECHEANCE_ID, MONTANT, STATUT, ECHEANCE_DATE, DOSSIER_ID) VALUES  ('1354111','390','PAYEE',to_date('25/01/2018','DD/MM/RR'),'135411');
INSERT INTO  A_ECHEANCE  (ECHEANCE_ID, MONTANT, STATUT, ECHEANCE_DATE, DOSSIER_ID) VALUES  ('1360161','382','PAYEE',to_date('26/01/2018','DD/MM/RR'),'136016');
INSERT INTO  A_ECHEANCE  (ECHEANCE_ID, MONTANT, STATUT, ECHEANCE_DATE, DOSSIER_ID) VALUES  ('1366211','375','PAYEE',to_date('27/01/2018','DD/MM/RR'),'136621');
INSERT INTO  A_ECHEANCE  (ECHEANCE_ID, MONTANT, STATUT, ECHEANCE_DATE, DOSSIER_ID) VALUES  ('1372261','367','PAYEE',to_date('07/12/2017','DD/MM/RR'),'137226');
INSERT INTO  A_ECHEANCE  (ECHEANCE_ID, MONTANT, STATUT, ECHEANCE_DATE, DOSSIER_ID) VALUES  ('1378311','360','PAYEE',to_date('27/11/2017','DD/MM/RR'),'137831');
INSERT INTO  A_ECHEANCE  (ECHEANCE_ID, MONTANT, STATUT, ECHEANCE_DATE, DOSSIER_ID) VALUES  ('1384361','352','PAYEE',to_date('17/11/2017','DD/MM/RR'),'138436');
INSERT INTO  A_ECHEANCE  (ECHEANCE_ID, MONTANT, STATUT, ECHEANCE_DATE, DOSSIER_ID) VALUES  ('1390411','345','PAYEE',to_date('07/11/2017','DD/MM/RR'),'139041');
INSERT INTO  A_ECHEANCE  (ECHEANCE_ID, MONTANT, STATUT, ECHEANCE_DATE, DOSSIER_ID) VALUES  ('1396461','337','PAYEE',to_date('29/10/2017','DD/MM/RR'),'139646');
INSERT INTO  A_ECHEANCE  (ECHEANCE_ID, MONTANT, STATUT, ECHEANCE_DATE, DOSSIER_ID) VALUES  ('1402511','330','PAYEE',to_date('19/10/2017','DD/MM/RR'),'140251');
INSERT INTO  A_ECHEANCE  (ECHEANCE_ID, MONTANT, STATUT, ECHEANCE_DATE, DOSSIER_ID) VALUES  ('1408561','322','PAYEE',to_date('09/10/2017','DD/MM/RR'),'140856');
INSERT INTO  A_ECHEANCE  (ECHEANCE_ID, MONTANT, STATUT, ECHEANCE_DATE, DOSSIER_ID) VALUES  ('1414611','315','PAYEE',to_date('29/09/2017','DD/MM/RR'),'141461');
INSERT INTO  A_ECHEANCE  (ECHEANCE_ID, MONTANT, STATUT, ECHEANCE_DATE, DOSSIER_ID) VALUES  ('1420661','307','PAYEE',to_date('19/09/2017','DD/MM/RR'),'142066');
INSERT INTO  A_ECHEANCE  (ECHEANCE_ID, MONTANT, STATUT, ECHEANCE_DATE, DOSSIER_ID) VALUES  ('1426711','300','PAYEE',to_date('09/09/2017','DD/MM/RR'),'142671');
INSERT INTO  A_ECHEANCE  (ECHEANCE_ID, MONTANT, STATUT, ECHEANCE_DATE, DOSSIER_ID) VALUES  ('1438811','285','PAYEE',to_date('20/08/2017','DD/MM/RR'),'143881');
INSERT INTO  A_ECHEANCE  (ECHEANCE_ID, MONTANT, STATUT, ECHEANCE_DATE, DOSSIER_ID) VALUES  ('1444861','277','PAYEE',to_date('10/08/2017','DD/MM/RR'),'144486');
INSERT INTO  A_ECHEANCE  (ECHEANCE_ID, MONTANT, STATUT, ECHEANCE_DATE, DOSSIER_ID) VALUES  ('1450911','270','PAYEE',to_date('31/07/2017','DD/MM/RR'),'145091');
INSERT INTO  A_ECHEANCE  (ECHEANCE_ID, MONTANT, STATUT, ECHEANCE_DATE, DOSSIER_ID) VALUES  ('1456961','262','PAYEE',to_date('21/07/2017','DD/MM/RR'),'145696');
INSERT INTO  A_ECHEANCE  (ECHEANCE_ID, MONTANT, STATUT, ECHEANCE_DATE, DOSSIER_ID) VALUES  ('1463011','255','PAYEE',to_date('11/07/2017','DD/MM/RR'),'146301');
INSERT INTO  A_ECHEANCE  (ECHEANCE_ID, MONTANT, STATUT, ECHEANCE_DATE, DOSSIER_ID) VALUES  ('1469061','247','PAYEE',to_date('01/07/2017','DD/MM/RR'),'146906');
INSERT INTO  A_ECHEANCE  (ECHEANCE_ID, MONTANT, STATUT, ECHEANCE_DATE, DOSSIER_ID) VALUES  ('1475111','240','PAYEE',to_date('21/06/2017','DD/MM/RR'),'147511');
INSERT INTO  A_ECHEANCE  (ECHEANCE_ID, MONTANT, STATUT, ECHEANCE_DATE, DOSSIER_ID) VALUES  ('1481161','232','PAYEE',to_date('11/06/2017','DD/MM/RR'),'148116');
INSERT INTO  A_ECHEANCE  (ECHEANCE_ID, MONTANT, STATUT, ECHEANCE_DATE, DOSSIER_ID) VALUES  ('1487211','225','PAYEE',to_date('01/06/2017','DD/MM/RR'),'148721');
INSERT INTO  A_ECHEANCE  (ECHEANCE_ID, MONTANT, STATUT, ECHEANCE_DATE, DOSSIER_ID) VALUES  ('1493261','217','PAYEE',to_date('22/05/2017','DD/MM/RR'),'149326');
INSERT INTO  A_ECHEANCE  (ECHEANCE_ID, MONTANT, STATUT, ECHEANCE_DATE, DOSSIER_ID) VALUES  ('1493271','210','PAYEE',to_date('12/05/2017','DD/MM/RR'),'149327');
INSERT INTO  A_ECHEANCE  (ECHEANCE_ID, MONTANT, STATUT, ECHEANCE_DATE, DOSSIER_ID) VALUES  ('1493281','202','PAYEE',to_date('02/05/2017','DD/MM/RR'),'149328');
INSERT INTO  A_ECHEANCE  (ECHEANCE_ID, MONTANT, STATUT, ECHEANCE_DATE, DOSSIER_ID) VALUES  ('1493291','195','PAYEE',to_date('22/04/2017','DD/MM/RR'),'149329');
INSERT INTO  A_ECHEANCE  (ECHEANCE_ID, MONTANT, STATUT, ECHEANCE_DATE, DOSSIER_ID) VALUES  ('1493301','187','PAYEE',to_date('12/04/2017','DD/MM/RR'),'149330');
INSERT INTO  A_ECHEANCE  (ECHEANCE_ID, MONTANT, STATUT, ECHEANCE_DATE, DOSSIER_ID) VALUES  ('1493311','180','PAYEE',to_date('02/04/2017','DD/MM/RR'),'149331');
INSERT INTO  A_ECHEANCE  (ECHEANCE_ID, MONTANT, STATUT, ECHEANCE_DATE, DOSSIER_ID) VALUES  ('1493321','172','PAYEE',to_date('23/03/2017','DD/MM/RR'),'149332');
INSERT INTO  A_ECHEANCE  (ECHEANCE_ID, MONTANT, STATUT, ECHEANCE_DATE, DOSSIER_ID) VALUES  ('1493331','165','PAYEE',to_date('13/03/2017','DD/MM/RR'),'149333');
INSERT INTO  A_ECHEANCE  (ECHEANCE_ID, MONTANT, STATUT, ECHEANCE_DATE, DOSSIER_ID) VALUES  ('1493341','157','PAYEE',to_date('03/03/2017','DD/MM/RR'),'149334');
INSERT INTO  A_ECHEANCE  (ECHEANCE_ID, MONTANT, STATUT, ECHEANCE_DATE, DOSSIER_ID) VALUES  ('1493351','150','PAYEE',to_date('21/02/2017','DD/MM/RR'),'149335');
INSERT INTO  A_ECHEANCE  (ECHEANCE_ID, MONTANT, STATUT, ECHEANCE_DATE, DOSSIER_ID) VALUES  ('1493361','142','PAYEE',to_date('11/02/2017','DD/MM/RR'),'149336');
INSERT INTO  A_ECHEANCE  (ECHEANCE_ID, MONTANT, STATUT, ECHEANCE_DATE, DOSSIER_ID) VALUES  ('1493371','135','PAYEE',to_date('01/02/2017','DD/MM/RR'),'149337');
INSERT INTO  A_ECHEANCE  (ECHEANCE_ID, MONTANT, STATUT, ECHEANCE_DATE, DOSSIER_ID) VALUES  ('1493381','127','PAYEE',to_date('22/01/2017','DD/MM/RR'),'149338');
INSERT INTO  A_ECHEANCE  (ECHEANCE_ID, MONTANT, STATUT, ECHEANCE_DATE, DOSSIER_ID) VALUES  ('1493391','120','PAYEE',to_date('13/01/2017','DD/MM/RR'),'149339');
INSERT INTO  A_ECHEANCE  (ECHEANCE_ID, MONTANT, STATUT, ECHEANCE_DATE, DOSSIER_ID) VALUES  ('1493401','112','PAYEE',to_date('03/01/2017','DD/MM/RR'),'149340');
INSERT INTO  A_ECHEANCE  (ECHEANCE_ID, MONTANT, STATUT, ECHEANCE_DATE, DOSSIER_ID) VALUES  ('1493411','105','PAYEE',to_date('24/12/2016','DD/MM/RR'),'149341');
INSERT INTO  A_ECHEANCE  (ECHEANCE_ID, MONTANT, STATUT, ECHEANCE_DATE, DOSSIER_ID) VALUES  ('1493421','97','PAYEE',to_date('14/12/2016','DD/MM/RR'),'149342');
INSERT INTO  A_ECHEANCE  (ECHEANCE_ID, MONTANT, STATUT, ECHEANCE_DATE, DOSSIER_ID) VALUES  ('1493431','90','PAYEE',to_date('15/12/2016','DD/MM/RR'),'149343');
INSERT INTO  A_ECHEANCE  (ECHEANCE_ID, MONTANT, STATUT, ECHEANCE_DATE, DOSSIER_ID) VALUES  ('1493441','82','PAYEE',to_date('16/12/2016','DD/MM/RR'),'149344');
INSERT INTO  A_ECHEANCE  (ECHEANCE_ID, MONTANT, STATUT, ECHEANCE_DATE, DOSSIER_ID) VALUES  ('1493451','75','PAYEE',to_date('17/12/2016','DD/MM/RR'),'149345');
INSERT INTO  A_ECHEANCE  (ECHEANCE_ID, MONTANT, STATUT, ECHEANCE_DATE, DOSSIER_ID) VALUES  ('1493471','60','PAYEE',to_date('19/12/2016','DD/MM/RR'),'149347');
INSERT INTO  A_ECHEANCE  (ECHEANCE_ID, MONTANT, STATUT, ECHEANCE_DATE, DOSSIER_ID) VALUES  ('1493481','52','PAYEE',to_date('20/12/2016','DD/MM/RR'),'149348');
INSERT INTO  A_ECHEANCE  (ECHEANCE_ID, MONTANT, STATUT, ECHEANCE_DATE, DOSSIER_ID) VALUES  ('1493491','45','PAYEE',to_date('21/12/2016','DD/MM/RR'),'149349');
INSERT INTO  A_ECHEANCE  (ECHEANCE_ID, MONTANT, STATUT, ECHEANCE_DATE, DOSSIER_ID) VALUES  ('1493501','37','PAYEE',to_date('22/12/2016','DD/MM/RR'),'149350');


INSERT INTO  A_ECHEANCE  (ECHEANCE_ID, MONTANT, STATUT, ECHEANCE_DATE, DOSSIER_ID) VALUES  	('1010012','540','PAYEE',to_date('30/09/2017','DD/MM/RR'),'101001');
INSERT INTO  A_ECHEANCE  (ECHEANCE_ID, MONTANT, STATUT, ECHEANCE_DATE, DOSSIER_ID) VALUES  	('1012062','502','PAYEE',to_date('01/10/2017','DD/MM/RR'),'101206');
INSERT INTO  A_ECHEANCE  (ECHEANCE_ID, MONTANT, STATUT, ECHEANCE_DATE, DOSSIER_ID) VALUES  	('1014112','465','IMPAYEE',to_date('02/10/2017','DD/MM/RR'),'101411');
INSERT INTO  A_ECHEANCE  (ECHEANCE_ID, MONTANT, STATUT, ECHEANCE_DATE, DOSSIER_ID) VALUES  	('1016162','427','IMPAYEE',to_date('03/10/2017','DD/MM/RR'),'101616');
INSERT INTO  A_ECHEANCE  (ECHEANCE_ID, MONTANT, STATUT, ECHEANCE_DATE, DOSSIER_ID) VALUES  	('1018212','390','PAYEE',to_date('04/10/2017','DD/MM/RR'),'101821');
INSERT INTO  A_ECHEANCE  (ECHEANCE_ID, MONTANT, STATUT, ECHEANCE_DATE, DOSSIER_ID) VALUES  	('1020262','352','PAYEE',to_date('05/10/2017','DD/MM/RR'),'102026');
INSERT INTO  A_ECHEANCE  (ECHEANCE_ID, MONTANT, STATUT, ECHEANCE_DATE, DOSSIER_ID) VALUES  	('1022312','367','PAYEE',to_date('06/10/2017','DD/MM/RR'),'102231');
INSERT INTO  A_ECHEANCE  (ECHEANCE_ID, MONTANT, STATUT, ECHEANCE_DATE, DOSSIER_ID) VALUES  	('1024362','382','PAYEE',to_date('07/10/2017','DD/MM/RR'),'102436');
INSERT INTO  A_ECHEANCE  (ECHEANCE_ID, MONTANT, STATUT, ECHEANCE_DATE, DOSSIER_ID) VALUES  	('1026412','397','PAYEE',to_date('08/10/2017','DD/MM/RR'),'102641');
INSERT INTO  A_ECHEANCE  (ECHEANCE_ID, MONTANT, STATUT, ECHEANCE_DATE, DOSSIER_ID) VALUES  	('1030512','427','PAYEE',to_date('11/10/2017','DD/MM/RR'),'103051');
INSERT INTO  A_ECHEANCE  (ECHEANCE_ID, MONTANT, STATUT, ECHEANCE_DATE, DOSSIER_ID) VALUES  	('1032562','442','PAYEE',to_date('12/10/2017','DD/MM/RR'),'103256');
INSERT INTO  A_ECHEANCE  (ECHEANCE_ID, MONTANT, STATUT, ECHEANCE_DATE, DOSSIER_ID) VALUES  	('1034612','457','PAYEE',to_date('13/10/2017','DD/MM/RR'),'103461');
INSERT INTO  A_ECHEANCE  (ECHEANCE_ID, MONTANT, STATUT, ECHEANCE_DATE, DOSSIER_ID) VALUES  	('1036662','472','PAYEE',to_date('14/10/2017','DD/MM/RR'),'103666');
INSERT INTO  A_ECHEANCE  (ECHEANCE_ID, MONTANT, STATUT, ECHEANCE_DATE, DOSSIER_ID) VALUES  	('1038712','487','PAYEE',to_date('15/10/2017','DD/MM/RR'),'103871');
INSERT INTO  A_ECHEANCE  (ECHEANCE_ID, MONTANT, STATUT, ECHEANCE_DATE, DOSSIER_ID) VALUES  	('1040762','502','PAYEE',to_date('16/10/2017','DD/MM/RR'),'104076');
INSERT INTO  A_ECHEANCE  (ECHEANCE_ID, MONTANT, STATUT, ECHEANCE_DATE, DOSSIER_ID) VALUES  	('1042812','517','PAYEE',to_date('17/10/2017','DD/MM/RR'),'104281');
INSERT INTO  A_ECHEANCE  (ECHEANCE_ID, MONTANT, STATUT, ECHEANCE_DATE, DOSSIER_ID) VALUES  	('1044862','532','PAYEE',to_date('18/10/2017','DD/MM/RR'),'104486');
INSERT INTO  A_ECHEANCE  (ECHEANCE_ID, MONTANT, STATUT, ECHEANCE_DATE, DOSSIER_ID) VALUES  	('1046912','547','PAYEE',to_date('19/10/2017','DD/MM/RR'),'104691');
INSERT INTO  A_ECHEANCE  (ECHEANCE_ID, MONTANT, STATUT, ECHEANCE_DATE, DOSSIER_ID) VALUES  	('1048962','562','PAYEE',to_date('20/10/2017','DD/MM/RR'),'104896');
INSERT INTO  A_ECHEANCE  (ECHEANCE_ID, MONTANT, STATUT, ECHEANCE_DATE, DOSSIER_ID) VALUES  	('1051012','577','PAYEE',to_date('21/10/2017','DD/MM/RR'),'105101');
INSERT INTO  A_ECHEANCE  (ECHEANCE_ID, MONTANT, STATUT, ECHEANCE_DATE, DOSSIER_ID) VALUES  	('1053062','592','PAYEE',to_date('22/10/2017','DD/MM/RR'),'105306');
INSERT INTO  A_ECHEANCE  (ECHEANCE_ID, MONTANT, STATUT, ECHEANCE_DATE, DOSSIER_ID) VALUES  	('1055112','607','PAYEE',to_date('24/10/2017','DD/MM/RR'),'105511');
INSERT INTO  A_ECHEANCE  (ECHEANCE_ID, MONTANT, STATUT, ECHEANCE_DATE, DOSSIER_ID) VALUES  	('1059212','637','PAYEE',to_date('26/10/2017','DD/MM/RR'),'105921');
INSERT INTO  A_ECHEANCE  (ECHEANCE_ID, MONTANT, STATUT, ECHEANCE_DATE, DOSSIER_ID) VALUES  	('1061262','652','PAYEE',to_date('27/10/2017','DD/MM/RR'),'106126');
INSERT INTO  A_ECHEANCE  (ECHEANCE_ID, MONTANT, STATUT, ECHEANCE_DATE, DOSSIER_ID) VALUES  	('1063312','667','PAYEE',to_date('28/10/2017','DD/MM/RR'),'106331');
INSERT INTO  A_ECHEANCE  (ECHEANCE_ID, MONTANT, STATUT, ECHEANCE_DATE, DOSSIER_ID) VALUES  	('1065362','682','PAYEE',to_date('29/10/2017','DD/MM/RR'),'106536');
INSERT INTO  A_ECHEANCE  (ECHEANCE_ID, MONTANT, STATUT, ECHEANCE_DATE, DOSSIER_ID) VALUES  	('1067412','697','PAYEE',to_date('30/10/2017','DD/MM/RR'),'106741');
INSERT INTO  A_ECHEANCE  (ECHEANCE_ID, MONTANT, STATUT, ECHEANCE_DATE, DOSSIER_ID) VALUES  	('1069462','712','PAYEE',to_date('31/10/2017','DD/MM/RR'),'106946');
INSERT INTO  A_ECHEANCE  (ECHEANCE_ID, MONTANT, STATUT, ECHEANCE_DATE, DOSSIER_ID) VALUES  	('1071512','727','PAYEE',to_date('01/11/2017','DD/MM/RR'),'107151');
INSERT INTO  A_ECHEANCE  (ECHEANCE_ID, MONTANT, STATUT, ECHEANCE_DATE, DOSSIER_ID) VALUES  	('1074562','742','PAYEE',to_date('02/11/2017','DD/MM/RR'),'107456');
INSERT INTO  A_ECHEANCE  (ECHEANCE_ID, MONTANT, STATUT, ECHEANCE_DATE, DOSSIER_ID) VALUES  	('1076612','757','PAYEE',to_date('03/11/2017','DD/MM/RR'),'107661');
INSERT INTO  A_ECHEANCE  (ECHEANCE_ID, MONTANT, STATUT, ECHEANCE_DATE, DOSSIER_ID) VALUES  	('1078662','772','PAYEE',to_date('04/11/2017','DD/MM/RR'),'107866');
INSERT INTO  A_ECHEANCE  (ECHEANCE_ID, MONTANT, STATUT, ECHEANCE_DATE, DOSSIER_ID) VALUES  	('1080712','787','PAYEE',to_date('05/11/2017','DD/MM/RR'),'108071');
INSERT INTO  A_ECHEANCE  (ECHEANCE_ID, MONTANT, STATUT, ECHEANCE_DATE, DOSSIER_ID) VALUES  	('1082762','802','PAYEE',to_date('06/11/2017','DD/MM/RR'),'108276');
INSERT INTO  A_ECHEANCE  (ECHEANCE_ID, MONTANT, STATUT, ECHEANCE_DATE, DOSSIER_ID) VALUES  	('1084812','817','PAYEE',to_date('07/11/2017','DD/MM/RR'),'108481');
INSERT INTO  A_ECHEANCE  (ECHEANCE_ID, MONTANT, STATUT, ECHEANCE_DATE, DOSSIER_ID) VALUES  	('1086862','832','PAYEE',to_date('08/11/2017','DD/MM/RR'),'108686');
INSERT INTO  A_ECHEANCE  (ECHEANCE_ID, MONTANT, STATUT, ECHEANCE_DATE, DOSSIER_ID) VALUES  	('1088912','847','PAYEE',to_date('09/11/2017','DD/MM/RR'),'108891');
INSERT INTO  A_ECHEANCE  (ECHEANCE_ID, MONTANT, STATUT, ECHEANCE_DATE, DOSSIER_ID) VALUES  	('1090962','862','PAYEE',to_date('10/11/2017','DD/MM/RR'),'109096');
INSERT INTO  A_ECHEANCE  (ECHEANCE_ID, MONTANT, STATUT, ECHEANCE_DATE, DOSSIER_ID) VALUES  	('1093012','877','PAYEE',to_date('11/11/2017','DD/MM/RR'),'109301');
INSERT INTO  A_ECHEANCE  (ECHEANCE_ID, MONTANT, STATUT, ECHEANCE_DATE, DOSSIER_ID) VALUES  	('1095062','892','PAYEE',to_date('12/11/2017','DD/MM/RR'),'109506');
INSERT INTO  A_ECHEANCE  (ECHEANCE_ID, MONTANT, STATUT, ECHEANCE_DATE, DOSSIER_ID) VALUES  	('1097112','907','PAYEE',to_date('13/11/2017','DD/MM/RR'),'109711');
INSERT INTO  A_ECHEANCE  (ECHEANCE_ID, MONTANT, STATUT, ECHEANCE_DATE, DOSSIER_ID) VALUES  	('1099162','922','PAYEE',to_date('14/11/2017','DD/MM/RR'),'109916');
INSERT INTO  A_ECHEANCE  (ECHEANCE_ID, MONTANT, STATUT, ECHEANCE_DATE, DOSSIER_ID) VALUES  	('1101212','937','PAYEE',to_date('15/11/2017','DD/MM/RR'),'110121');
INSERT INTO  A_ECHEANCE  (ECHEANCE_ID, MONTANT, STATUT, ECHEANCE_DATE, DOSSIER_ID) VALUES  	('1105212','952','PAYEE',to_date('17/11/2017','DD/MM/RR'),'110521');
INSERT INTO  A_ECHEANCE  (ECHEANCE_ID, MONTANT, STATUT, ECHEANCE_DATE, DOSSIER_ID) VALUES  	('1107262','967','PAYEE',to_date('18/11/2017','DD/MM/RR'),'110726');
INSERT INTO  A_ECHEANCE  (ECHEANCE_ID, MONTANT, STATUT, ECHEANCE_DATE, DOSSIER_ID) VALUES  	('1111362','997','PAYEE',to_date('20/11/2017','DD/MM/RR'),'111136');
INSERT INTO  A_ECHEANCE  (ECHEANCE_ID, MONTANT, STATUT, ECHEANCE_DATE, DOSSIER_ID) VALUES  	('1113412','1012','PAYEE',to_date('21/11/2017','DD/MM/RR'),'111341');
INSERT INTO  A_ECHEANCE  (ECHEANCE_ID, MONTANT, STATUT, ECHEANCE_DATE, DOSSIER_ID) VALUES  	('1115462','1027','PAYEE',to_date('22/11/2017','DD/MM/RR'),'111546');
INSERT INTO  A_ECHEANCE  (ECHEANCE_ID, MONTANT, STATUT, ECHEANCE_DATE, DOSSIER_ID) VALUES  	('1115612','1042','PAYEE',to_date('23/11/2017','DD/MM/RR'),'111561');
INSERT INTO  A_ECHEANCE  (ECHEANCE_ID, MONTANT, STATUT, ECHEANCE_DATE, DOSSIER_ID) VALUES  	('1117662','1057','PAYEE',to_date('24/11/2017','DD/MM/RR'),'111766');
INSERT INTO  A_ECHEANCE  (ECHEANCE_ID, MONTANT, STATUT, ECHEANCE_DATE, DOSSIER_ID) VALUES  	('1119712','1050','PAYEE',to_date('25/11/2017','DD/MM/RR'),'111971');
INSERT INTO  A_ECHEANCE  (ECHEANCE_ID, MONTANT, STATUT, ECHEANCE_DATE, DOSSIER_ID) VALUES  	('1121762','1042','PAYEE',to_date('26/11/2017','DD/MM/RR'),'112176');
INSERT INTO  A_ECHEANCE  (ECHEANCE_ID, MONTANT, STATUT, ECHEANCE_DATE, DOSSIER_ID) VALUES  	('1123812','1035','PAYEE',to_date('27/11/2017','DD/MM/RR'),'112381');
INSERT INTO  A_ECHEANCE  (ECHEANCE_ID, MONTANT, STATUT, ECHEANCE_DATE, DOSSIER_ID) VALUES  	('1125862','1027','PAYEE',to_date('29/11/2017','DD/MM/RR'),'112586');
INSERT INTO  A_ECHEANCE  (ECHEANCE_ID, MONTANT, STATUT, ECHEANCE_DATE, DOSSIER_ID) VALUES  	('1127912','1020','PAYEE',to_date('30/11/2017','DD/MM/RR'),'112791');
INSERT INTO  A_ECHEANCE  (ECHEANCE_ID, MONTANT, STATUT, ECHEANCE_DATE, DOSSIER_ID) VALUES  	('1128962','1012','PAYEE',to_date('01/12/2017','DD/MM/RR'),'112896');
INSERT INTO  A_ECHEANCE  (ECHEANCE_ID, MONTANT, STATUT, ECHEANCE_DATE, DOSSIER_ID) VALUES  	('1133062','997','PAYEE',to_date('03/12/2017','DD/MM/RR'),'113306');
INSERT INTO  A_ECHEANCE  (ECHEANCE_ID, MONTANT, STATUT, ECHEANCE_DATE, DOSSIER_ID) VALUES  	('1135112','990','PAYEE',to_date('04/12/2017','DD/MM/RR'),'113511');
INSERT INTO  A_ECHEANCE  (ECHEANCE_ID, MONTANT, STATUT, ECHEANCE_DATE, DOSSIER_ID) VALUES  	('1137162','982','PAYEE',to_date('05/12/2017','DD/MM/RR'),'113716');
INSERT INTO  A_ECHEANCE  (ECHEANCE_ID, MONTANT, STATUT, ECHEANCE_DATE, DOSSIER_ID) VALUES  	('1139212','975','PAYEE',to_date('06/12/2017','DD/MM/RR'),'113921');
INSERT INTO  A_ECHEANCE  (ECHEANCE_ID, MONTANT, STATUT, ECHEANCE_DATE, DOSSIER_ID) VALUES  	('1141262','967','PAYEE',to_date('07/12/2017','DD/MM/RR'),'114126');
INSERT INTO  A_ECHEANCE  (ECHEANCE_ID, MONTANT, STATUT, ECHEANCE_DATE, DOSSIER_ID) VALUES  	('1143312','960','PAYEE',to_date('08/12/2017','DD/MM/RR'),'114331');
INSERT INTO  A_ECHEANCE  (ECHEANCE_ID, MONTANT, STATUT, ECHEANCE_DATE, DOSSIER_ID) VALUES  	('1145362','952','PAYEE',to_date('09/12/2017','DD/MM/RR'),'114536');
INSERT INTO  A_ECHEANCE  (ECHEANCE_ID, MONTANT, STATUT, ECHEANCE_DATE, DOSSIER_ID) VALUES  	('1150412','945','PAYEE',to_date('10/12/2017','DD/MM/RR'),'115041');
INSERT INTO  A_ECHEANCE  (ECHEANCE_ID, MONTANT, STATUT, ECHEANCE_DATE, DOSSIER_ID) VALUES  	('1152462','937','PAYEE',to_date('11/12/2017','DD/MM/RR'),'115246');
INSERT INTO  A_ECHEANCE  (ECHEANCE_ID, MONTANT, STATUT, ECHEANCE_DATE, DOSSIER_ID) VALUES  	('1154512','930','PAYEE',to_date('12/12/2017','DD/MM/RR'),'115451');
INSERT INTO  A_ECHEANCE  (ECHEANCE_ID, MONTANT, STATUT, ECHEANCE_DATE, DOSSIER_ID) VALUES  	('1156562','922','PAYEE',to_date('13/12/2017','DD/MM/RR'),'115656');
INSERT INTO  A_ECHEANCE  (ECHEANCE_ID, MONTANT, STATUT, ECHEANCE_DATE, DOSSIER_ID) VALUES  	('1158612','915','PAYEE',to_date('14/12/2017','DD/MM/RR'),'115861');
INSERT INTO  A_ECHEANCE  (ECHEANCE_ID, MONTANT, STATUT, ECHEANCE_DATE, DOSSIER_ID) VALUES  	('1160662','907','PAYEE',to_date('15/12/2017','DD/MM/RR'),'116066');
INSERT INTO  A_ECHEANCE  (ECHEANCE_ID, MONTANT, STATUT, ECHEANCE_DATE, DOSSIER_ID) VALUES  	('1162712','900','PAYEE',to_date('16/12/2017','DD/MM/RR'),'116271');
INSERT INTO  A_ECHEANCE  (ECHEANCE_ID, MONTANT, STATUT, ECHEANCE_DATE, DOSSIER_ID) VALUES  	('1164762','892','PAYEE',to_date('17/12/2017','DD/MM/RR'),'116476');
INSERT INTO  A_ECHEANCE  (ECHEANCE_ID, MONTANT, STATUT, ECHEANCE_DATE, DOSSIER_ID) VALUES  	('1166812','885','PAYEE',to_date('18/12/2017','DD/MM/RR'),'116681');
INSERT INTO  A_ECHEANCE  (ECHEANCE_ID, MONTANT, STATUT, ECHEANCE_DATE, DOSSIER_ID) VALUES  	('1168862','877','PAYEE',to_date('19/12/2017','DD/MM/RR'),'116886');
INSERT INTO  A_ECHEANCE  (ECHEANCE_ID, MONTANT, STATUT, ECHEANCE_DATE, DOSSIER_ID) VALUES  	('1170912','870','PAYEE',to_date('20/12/2017','DD/MM/RR'),'117091');
INSERT INTO  A_ECHEANCE  (ECHEANCE_ID, MONTANT, STATUT, ECHEANCE_DATE, DOSSIER_ID) VALUES  	('1172962','862','PAYEE',to_date('21/12/2017','DD/MM/RR'),'117296');
INSERT INTO  A_ECHEANCE  (ECHEANCE_ID, MONTANT, STATUT, ECHEANCE_DATE, DOSSIER_ID) VALUES  	('1175012','855','PAYEE',to_date('22/12/2017','DD/MM/RR'),'117501');
INSERT INTO  A_ECHEANCE  (ECHEANCE_ID, MONTANT, STATUT, ECHEANCE_DATE, DOSSIER_ID) VALUES  	('1177062','847','PAYEE',to_date('23/12/2017','DD/MM/RR'),'117706');
INSERT INTO  A_ECHEANCE  (ECHEANCE_ID, MONTANT, STATUT, ECHEANCE_DATE, DOSSIER_ID) VALUES  	('1179112','840','PAYEE',to_date('24/12/2017','DD/MM/RR'),'117911');
INSERT INTO  A_ECHEANCE  (ECHEANCE_ID, MONTANT, STATUT, ECHEANCE_DATE, DOSSIER_ID) VALUES  	('1181162','832','PAYEE',to_date('25/12/2017','DD/MM/RR'),'118116');
INSERT INTO  A_ECHEANCE  (ECHEANCE_ID, MONTANT, STATUT, ECHEANCE_DATE, DOSSIER_ID) VALUES  	('1183212','825','PAYEE',to_date('27/12/2017','DD/MM/RR'),'118321');
INSERT INTO  A_ECHEANCE  (ECHEANCE_ID, MONTANT, STATUT, ECHEANCE_DATE, DOSSIER_ID) VALUES  	('1185262','817','PAYEE',to_date('28/12/2017','DD/MM/RR'),'118526');
INSERT INTO  A_ECHEANCE  (ECHEANCE_ID, MONTANT, STATUT, ECHEANCE_DATE, DOSSIER_ID) VALUES  	('1187312','810','PAYEE',to_date('29/12/2017','DD/MM/RR'),'118731');
INSERT INTO  A_ECHEANCE  (ECHEANCE_ID, MONTANT, STATUT, ECHEANCE_DATE, DOSSIER_ID) VALUES  	('1189362','802','PAYEE',to_date('30/12/2017','DD/MM/RR'),'118936');
INSERT INTO  A_ECHEANCE  (ECHEANCE_ID, MONTANT, STATUT, ECHEANCE_DATE, DOSSIER_ID) VALUES  	('1193462','787','PAYEE',to_date('01/01/2018','DD/MM/RR'),'119346');
INSERT INTO  A_ECHEANCE  (ECHEANCE_ID, MONTANT, STATUT, ECHEANCE_DATE, DOSSIER_ID) VALUES  	('1195512','780','PAYEE',to_date('02/01/2018','DD/MM/RR'),'119551');
INSERT INTO  A_ECHEANCE  (ECHEANCE_ID, MONTANT, STATUT, ECHEANCE_DATE, DOSSIER_ID) VALUES  	('1197562','772','PAYEE',to_date('03/01/2018','DD/MM/RR'),'119756');
INSERT INTO  A_ECHEANCE  (ECHEANCE_ID, MONTANT, STATUT, ECHEANCE_DATE, DOSSIER_ID) VALUES  	('1199612','765','PAYEE',to_date('04/01/2018','DD/MM/RR'),'119961');
INSERT INTO  A_ECHEANCE  (ECHEANCE_ID, MONTANT, STATUT, ECHEANCE_DATE, DOSSIER_ID) VALUES  	('1201662','757','PAYEE',to_date('05/01/2018','DD/MM/RR'),'120166');
INSERT INTO  A_ECHEANCE  (ECHEANCE_ID, MONTANT, STATUT, ECHEANCE_DATE, DOSSIER_ID) VALUES  	('1203712','750','PAYEE',to_date('06/01/2018','DD/MM/RR'),'120371');
INSERT INTO  A_ECHEANCE  (ECHEANCE_ID, MONTANT, STATUT, ECHEANCE_DATE, DOSSIER_ID) VALUES  	('1205762','742','PAYEE',to_date('07/01/2018','DD/MM/RR'),'120576');
INSERT INTO  A_ECHEANCE  (ECHEANCE_ID, MONTANT, STATUT, ECHEANCE_DATE, DOSSIER_ID) VALUES  	('1207812','735','PAYEE',to_date('08/01/2018','DD/MM/RR'),'120781');
INSERT INTO  A_ECHEANCE  (ECHEANCE_ID, MONTANT, STATUT, ECHEANCE_DATE, DOSSIER_ID) VALUES  	('1209862','727','PAYEE',to_date('09/01/2018','DD/MM/RR'),'120986');
INSERT INTO  A_ECHEANCE  (ECHEANCE_ID, MONTANT, STATUT, ECHEANCE_DATE, DOSSIER_ID) VALUES  	('1211912','720','PAYEE',to_date('10/01/2018','DD/MM/RR'),'121191');
INSERT INTO  A_ECHEANCE  (ECHEANCE_ID, MONTANT, STATUT, ECHEANCE_DATE, DOSSIER_ID) VALUES  	('1213962','712','PAYEE',to_date('11/01/2018','DD/MM/RR'),'121396');
INSERT INTO  A_ECHEANCE  (ECHEANCE_ID, MONTANT, STATUT, ECHEANCE_DATE, DOSSIER_ID) VALUES  	('1216012','705','PAYEE',to_date('12/01/2018','DD/MM/RR'),'121601');
INSERT INTO  A_ECHEANCE  (ECHEANCE_ID, MONTANT, STATUT, ECHEANCE_DATE, DOSSIER_ID) VALUES  	('1218062','697','PAYEE',to_date('13/01/2018','DD/MM/RR'),'121806');
INSERT INTO  A_ECHEANCE  (ECHEANCE_ID, MONTANT, STATUT, ECHEANCE_DATE, DOSSIER_ID) VALUES  	('1220112','690','PAYEE',to_date('14/01/2018','DD/MM/RR'),'122011');
INSERT INTO  A_ECHEANCE  (ECHEANCE_ID, MONTANT, STATUT, ECHEANCE_DATE, DOSSIER_ID) VALUES  	('1222162','682','PAYEE',to_date('15/01/2018','DD/MM/RR'),'122216');
INSERT INTO  A_ECHEANCE  (ECHEANCE_ID, MONTANT, STATUT, ECHEANCE_DATE, DOSSIER_ID) VALUES  	('1224212','675','PAYEE',to_date('16/01/2018','DD/MM/RR'),'122421');
INSERT INTO  A_ECHEANCE  (ECHEANCE_ID, MONTANT, STATUT, ECHEANCE_DATE, DOSSIER_ID) VALUES  	('1226262','667','PAYEE',to_date('17/01/2018','DD/MM/RR'),'122626');
INSERT INTO  A_ECHEANCE  (ECHEANCE_ID, MONTANT, STATUT, ECHEANCE_DATE, DOSSIER_ID) VALUES  	('1228312','660','PAYEE',to_date('18/01/2018','DD/MM/RR'),'122831');
INSERT INTO  A_ECHEANCE  (ECHEANCE_ID, MONTANT, STATUT, ECHEANCE_DATE, DOSSIER_ID) VALUES  	('1230362','652','PAYEE',to_date('19/01/2018','DD/MM/RR'),'123036');
INSERT INTO  A_ECHEANCE  (ECHEANCE_ID, MONTANT, STATUT, ECHEANCE_DATE, DOSSIER_ID) VALUES  	('1232412','645','PAYEE',to_date('20/01/2018','DD/MM/RR'),'123241');
INSERT INTO  A_ECHEANCE  (ECHEANCE_ID, MONTANT, STATUT, ECHEANCE_DATE, DOSSIER_ID) VALUES  	('1234462','637','PAYEE',to_date('21/01/2018','DD/MM/RR'),'123446');
INSERT INTO  A_ECHEANCE  (ECHEANCE_ID, MONTANT, STATUT, ECHEANCE_DATE, DOSSIER_ID) VALUES  	('1236512','630','PAYEE',to_date('22/01/2018','DD/MM/RR'),'123651');
INSERT INTO  A_ECHEANCE  (ECHEANCE_ID, MONTANT, STATUT, ECHEANCE_DATE, DOSSIER_ID) VALUES  	('1238562','622','PAYEE',to_date('23/01/2018','DD/MM/RR'),'123856');
INSERT INTO  A_ECHEANCE  (ECHEANCE_ID, MONTANT, STATUT, ECHEANCE_DATE, DOSSIER_ID) VALUES  	('1240612','615','PAYEE',to_date('24/01/2018','DD/MM/RR'),'124061');
INSERT INTO  A_ECHEANCE  (ECHEANCE_ID, MONTANT, STATUT, ECHEANCE_DATE, DOSSIER_ID) VALUES  	('1242662','607','PAYEE',to_date('25/01/2018','DD/MM/RR'),'124266');
INSERT INTO  A_ECHEANCE  (ECHEANCE_ID, MONTANT, STATUT, ECHEANCE_DATE, DOSSIER_ID) VALUES  	('1244712','600','PAYEE',to_date('26/01/2018','DD/MM/RR'),'124471');
INSERT INTO  A_ECHEANCE  (ECHEANCE_ID, MONTANT, STATUT, ECHEANCE_DATE, DOSSIER_ID) VALUES  	('1246762','592','PAYEE',to_date('27/01/2018','DD/MM/RR'),'124676');
INSERT INTO  A_ECHEANCE  (ECHEANCE_ID, MONTANT, STATUT, ECHEANCE_DATE, DOSSIER_ID) VALUES  	('1248812','585','PAYEE',to_date('28/01/2018','DD/MM/RR'),'124881');
INSERT INTO  A_ECHEANCE  (ECHEANCE_ID, MONTANT, STATUT, ECHEANCE_DATE, DOSSIER_ID) VALUES  	('1250862','577','PAYEE',to_date('30/01/2018','DD/MM/RR'),'125086');
INSERT INTO  A_ECHEANCE  (ECHEANCE_ID, MONTANT, STATUT, ECHEANCE_DATE, DOSSIER_ID) VALUES  	('1256912','570','PAYEE',to_date('31/01/2018','DD/MM/RR'),'125691');
INSERT INTO  A_ECHEANCE  (ECHEANCE_ID, MONTANT, STATUT, ECHEANCE_DATE, DOSSIER_ID) VALUES  	('1258962','562','PAYEE',to_date('01/02/2018','DD/MM/RR'),'125896');
INSERT INTO  A_ECHEANCE  (ECHEANCE_ID, MONTANT, STATUT, ECHEANCE_DATE, DOSSIER_ID) VALUES  	('1261012','555','PAYEE',to_date('02/02/2018','DD/MM/RR'),'126101');
INSERT INTO  A_ECHEANCE  (ECHEANCE_ID, MONTANT, STATUT, ECHEANCE_DATE, DOSSIER_ID) VALUES  	('1263062','547','PAYEE',to_date('03/02/2018','DD/MM/RR'),'126306');
INSERT INTO  A_ECHEANCE  (ECHEANCE_ID, MONTANT, STATUT, ECHEANCE_DATE, DOSSIER_ID) VALUES  	('1267162','532','PAYEE',to_date('05/02/2018','DD/MM/RR'),'126716');
INSERT INTO  A_ECHEANCE  (ECHEANCE_ID, MONTANT, STATUT, ECHEANCE_DATE, DOSSIER_ID) VALUES  	('1269212','525','PAYEE',to_date('06/02/2018','DD/MM/RR'),'126921');
INSERT INTO  A_ECHEANCE  (ECHEANCE_ID, MONTANT, STATUT, ECHEANCE_DATE, DOSSIER_ID) VALUES  	('1271262','517','PAYEE',to_date('07/02/2018','DD/MM/RR'),'127126');
INSERT INTO  A_ECHEANCE  (ECHEANCE_ID, MONTANT, STATUT, ECHEANCE_DATE, DOSSIER_ID) VALUES  	('1273312','510','PAYEE',to_date('08/02/2018','DD/MM/RR'),'127331');
INSERT INTO  A_ECHEANCE  (ECHEANCE_ID, MONTANT, STATUT, ECHEANCE_DATE, DOSSIER_ID) VALUES  	('1275362','502','PAYEE',to_date('09/02/2018','DD/MM/RR'),'127536');
INSERT INTO  A_ECHEANCE  (ECHEANCE_ID, MONTANT, STATUT, ECHEANCE_DATE, DOSSIER_ID) VALUES  	('1277412','495','PAYEE',to_date('10/02/2018','DD/MM/RR'),'127741');
INSERT INTO  A_ECHEANCE  (ECHEANCE_ID, MONTANT, STATUT, ECHEANCE_DATE, DOSSIER_ID) VALUES  	('1279462','487','PAYEE',to_date('11/02/2018','DD/MM/RR'),'127946');
INSERT INTO  A_ECHEANCE  (ECHEANCE_ID, MONTANT, STATUT, ECHEANCE_DATE, DOSSIER_ID) VALUES  	('1281512','480','PAYEE',to_date('12/02/2018','DD/MM/RR'),'128151');
INSERT INTO  A_ECHEANCE  (ECHEANCE_ID, MONTANT, STATUT, ECHEANCE_DATE, DOSSIER_ID) VALUES  	('1287562','472','PAYEE',to_date('13/02/2018','DD/MM/RR'),'128756');
INSERT INTO  A_ECHEANCE  (ECHEANCE_ID, MONTANT, STATUT, ECHEANCE_DATE, DOSSIER_ID) VALUES  	('1293612','465','PAYEE',to_date('14/02/2018','DD/MM/RR'),'129361');
INSERT INTO  A_ECHEANCE  (ECHEANCE_ID, MONTANT, STATUT, ECHEANCE_DATE, DOSSIER_ID) VALUES  	('1299662','457','PAYEE',to_date('15/02/2018','DD/MM/RR'),'129966');
INSERT INTO  A_ECHEANCE  (ECHEANCE_ID, MONTANT, STATUT, ECHEANCE_DATE, DOSSIER_ID) VALUES  	('1305712','450','PAYEE',to_date('16/02/2018','DD/MM/RR'),'130571');
INSERT INTO  A_ECHEANCE  (ECHEANCE_ID, MONTANT, STATUT, ECHEANCE_DATE, DOSSIER_ID) VALUES  	('1311762','442','PAYEE',to_date('17/02/2018','DD/MM/RR'),'131176');
INSERT INTO  A_ECHEANCE  (ECHEANCE_ID, MONTANT, STATUT, ECHEANCE_DATE, DOSSIER_ID) VALUES  	('1317812','435','PAYEE',to_date('18/02/2018','DD/MM/RR'),'131781');
INSERT INTO  A_ECHEANCE  (ECHEANCE_ID, MONTANT, STATUT, ECHEANCE_DATE, DOSSIER_ID) VALUES  	('1323862','427','PAYEE',to_date('19/02/2018','DD/MM/RR'),'132386');
INSERT INTO  A_ECHEANCE  (ECHEANCE_ID, MONTANT, STATUT, ECHEANCE_DATE, DOSSIER_ID) VALUES  	('1329912','420','PAYEE',to_date('20/02/2018','DD/MM/RR'),'132991');
INSERT INTO  A_ECHEANCE  (ECHEANCE_ID, MONTANT, STATUT, ECHEANCE_DATE, DOSSIER_ID) VALUES  	('1335962','412','PAYEE',to_date('21/02/2018','DD/MM/RR'),'133596');
INSERT INTO  A_ECHEANCE  (ECHEANCE_ID, MONTANT, STATUT, ECHEANCE_DATE, DOSSIER_ID) VALUES  	('1342012','405','PAYEE',to_date('22/02/2018','DD/MM/RR'),'134201');
INSERT INTO  A_ECHEANCE  (ECHEANCE_ID, MONTANT, STATUT, ECHEANCE_DATE, DOSSIER_ID) VALUES  	('1348062','397','PAYEE',to_date('23/02/2018','DD/MM/RR'),'134806');
INSERT INTO  A_ECHEANCE  (ECHEANCE_ID, MONTANT, STATUT, ECHEANCE_DATE, DOSSIER_ID) VALUES  	('1354112','390','PAYEE',to_date('24/02/2018','DD/MM/RR'),'135411');
INSERT INTO  A_ECHEANCE  (ECHEANCE_ID, MONTANT, STATUT, ECHEANCE_DATE, DOSSIER_ID) VALUES  	('1360162','382','PAYEE',to_date('25/02/2018','DD/MM/RR'),'136016');
INSERT INTO  A_ECHEANCE  (ECHEANCE_ID, MONTANT, STATUT, ECHEANCE_DATE, DOSSIER_ID) VALUES  	('1366212','375','PAYEE',to_date('26/02/2018','DD/MM/RR'),'136621');
INSERT INTO  A_ECHEANCE  (ECHEANCE_ID, MONTANT, STATUT, ECHEANCE_DATE, DOSSIER_ID) VALUES  	('1372262','367','PAYEE',to_date('06/01/2018','DD/MM/RR'),'137226');
INSERT INTO  A_ECHEANCE  (ECHEANCE_ID, MONTANT, STATUT, ECHEANCE_DATE, DOSSIER_ID) VALUES  	('1378312','360','PAYEE',to_date('27/12/2017','DD/MM/RR'),'137831');
INSERT INTO  A_ECHEANCE  (ECHEANCE_ID, MONTANT, STATUT, ECHEANCE_DATE, DOSSIER_ID) VALUES  	('1384362','352','PAYEE',to_date('17/12/2017','DD/MM/RR'),'138436');
INSERT INTO  A_ECHEANCE  (ECHEANCE_ID, MONTANT, STATUT, ECHEANCE_DATE, DOSSIER_ID) VALUES  	('1390412','345','PAYEE',to_date('07/12/2017','DD/MM/RR'),'139041');
INSERT INTO  A_ECHEANCE  (ECHEANCE_ID, MONTANT, STATUT, ECHEANCE_DATE, DOSSIER_ID) VALUES  	('1396462','337','PAYEE',to_date('28/11/2017','DD/MM/RR'),'139646');
INSERT INTO  A_ECHEANCE  (ECHEANCE_ID, MONTANT, STATUT, ECHEANCE_DATE, DOSSIER_ID) VALUES  	('1402512','330','PAYEE',to_date('18/11/2017','DD/MM/RR'),'140251');
INSERT INTO  A_ECHEANCE  (ECHEANCE_ID, MONTANT, STATUT, ECHEANCE_DATE, DOSSIER_ID) VALUES  	('1408562','322','PAYEE',to_date('08/11/2017','DD/MM/RR'),'140856');
INSERT INTO  A_ECHEANCE  (ECHEANCE_ID, MONTANT, STATUT, ECHEANCE_DATE, DOSSIER_ID) VALUES  	('1414612','315','PAYEE',to_date('29/10/2017','DD/MM/RR'),'141461');
INSERT INTO  A_ECHEANCE  (ECHEANCE_ID, MONTANT, STATUT, ECHEANCE_DATE, DOSSIER_ID) VALUES  	('1420662','307','PAYEE',to_date('19/10/2017','DD/MM/RR'),'142066');
INSERT INTO  A_ECHEANCE  (ECHEANCE_ID, MONTANT, STATUT, ECHEANCE_DATE, DOSSIER_ID) VALUES  	('1426712','300','PAYEE',to_date('09/10/2017','DD/MM/RR'),'142671');
INSERT INTO  A_ECHEANCE  (ECHEANCE_ID, MONTANT, STATUT, ECHEANCE_DATE, DOSSIER_ID) VALUES  	('1438812','285','PAYEE',to_date('19/09/2017','DD/MM/RR'),'143881');
INSERT INTO  A_ECHEANCE  (ECHEANCE_ID, MONTANT, STATUT, ECHEANCE_DATE, DOSSIER_ID) VALUES  	('1444862','277','PAYEE',to_date('09/09/2017','DD/MM/RR'),'144486');
INSERT INTO  A_ECHEANCE  (ECHEANCE_ID, MONTANT, STATUT, ECHEANCE_DATE, DOSSIER_ID) VALUES  	('1450912','270','PAYEE',to_date('30/08/2017','DD/MM/RR'),'145091');
INSERT INTO  A_ECHEANCE  (ECHEANCE_ID, MONTANT, STATUT, ECHEANCE_DATE, DOSSIER_ID) VALUES  	('1456962','262','PAYEE',to_date('20/08/2017','DD/MM/RR'),'145696');
INSERT INTO  A_ECHEANCE  (ECHEANCE_ID, MONTANT, STATUT, ECHEANCE_DATE, DOSSIER_ID) VALUES  	('1463012','255','PAYEE',to_date('10/08/2017','DD/MM/RR'),'146301');
INSERT INTO  A_ECHEANCE  (ECHEANCE_ID, MONTANT, STATUT, ECHEANCE_DATE, DOSSIER_ID) VALUES  	('1469062','247','PAYEE',to_date('31/07/2017','DD/MM/RR'),'146906');
INSERT INTO  A_ECHEANCE  (ECHEANCE_ID, MONTANT, STATUT, ECHEANCE_DATE, DOSSIER_ID) VALUES  	('1475112','240','PAYEE',to_date('21/07/2017','DD/MM/RR'),'147511');
INSERT INTO  A_ECHEANCE  (ECHEANCE_ID, MONTANT, STATUT, ECHEANCE_DATE, DOSSIER_ID) VALUES  	('1481162','232','PAYEE',to_date('11/07/2017','DD/MM/RR'),'148116');
INSERT INTO  A_ECHEANCE  (ECHEANCE_ID, MONTANT, STATUT, ECHEANCE_DATE, DOSSIER_ID) VALUES  	('1487212','225','PAYEE',to_date('01/07/2017','DD/MM/RR'),'148721');
INSERT INTO  A_ECHEANCE  (ECHEANCE_ID, MONTANT, STATUT, ECHEANCE_DATE, DOSSIER_ID) VALUES  	('1493262','217','PAYEE',to_date('21/06/2017','DD/MM/RR'),'149326');
INSERT INTO  A_ECHEANCE  (ECHEANCE_ID, MONTANT, STATUT, ECHEANCE_DATE, DOSSIER_ID) VALUES  	('1493272','210','PAYEE',to_date('11/06/2017','DD/MM/RR'),'149327');
INSERT INTO  A_ECHEANCE  (ECHEANCE_ID, MONTANT, STATUT, ECHEANCE_DATE, DOSSIER_ID) VALUES  	('1493282','202','PAYEE',to_date('01/06/2017','DD/MM/RR'),'149328');
INSERT INTO  A_ECHEANCE  (ECHEANCE_ID, MONTANT, STATUT, ECHEANCE_DATE, DOSSIER_ID) VALUES  	('1493292','195','PAYEE',to_date('22/05/2017','DD/MM/RR'),'149329');
INSERT INTO  A_ECHEANCE  (ECHEANCE_ID, MONTANT, STATUT, ECHEANCE_DATE, DOSSIER_ID) VALUES  	('1493302','187','PAYEE',to_date('12/05/2017','DD/MM/RR'),'149330');
INSERT INTO  A_ECHEANCE  (ECHEANCE_ID, MONTANT, STATUT, ECHEANCE_DATE, DOSSIER_ID) VALUES  	('1493312','180','PAYEE',to_date('02/05/2017','DD/MM/RR'),'149331');
INSERT INTO  A_ECHEANCE  (ECHEANCE_ID, MONTANT, STATUT, ECHEANCE_DATE, DOSSIER_ID) VALUES  	('1493322','172','PAYEE',to_date('22/04/2017','DD/MM/RR'),'149332');
INSERT INTO  A_ECHEANCE  (ECHEANCE_ID, MONTANT, STATUT, ECHEANCE_DATE, DOSSIER_ID) VALUES  	('1493332','165','PAYEE',to_date('12/04/2017','DD/MM/RR'),'149333');
INSERT INTO  A_ECHEANCE  (ECHEANCE_ID, MONTANT, STATUT, ECHEANCE_DATE, DOSSIER_ID) VALUES  	('1493342','157','PAYEE',to_date('02/04/2017','DD/MM/RR'),'149334');
INSERT INTO  A_ECHEANCE  (ECHEANCE_ID, MONTANT, STATUT, ECHEANCE_DATE, DOSSIER_ID) VALUES  	('1493352','150','PAYEE',to_date('23/03/2017','DD/MM/RR'),'149335');
INSERT INTO  A_ECHEANCE  (ECHEANCE_ID, MONTANT, STATUT, ECHEANCE_DATE, DOSSIER_ID) VALUES  	('1493362','142','PAYEE',to_date('13/03/2017','DD/MM/RR'),'149336');
INSERT INTO  A_ECHEANCE  (ECHEANCE_ID, MONTANT, STATUT, ECHEANCE_DATE, DOSSIER_ID) VALUES  	('1493372','135','PAYEE',to_date('03/03/2017','DD/MM/RR'),'149337');
INSERT INTO  A_ECHEANCE  (ECHEANCE_ID, MONTANT, STATUT, ECHEANCE_DATE, DOSSIER_ID) VALUES  	('1493382','127','PAYEE',to_date('21/02/2017','DD/MM/RR'),'149338');
INSERT INTO  A_ECHEANCE  (ECHEANCE_ID, MONTANT, STATUT, ECHEANCE_DATE, DOSSIER_ID) VALUES  	('1493392','120','PAYEE',to_date('12/02/2017','DD/MM/RR'),'149339');
INSERT INTO  A_ECHEANCE  (ECHEANCE_ID, MONTANT, STATUT, ECHEANCE_DATE, DOSSIER_ID) VALUES  	('1493402','112','PAYEE',to_date('02/02/2017','DD/MM/RR'),'149340');
INSERT INTO  A_ECHEANCE  (ECHEANCE_ID, MONTANT, STATUT, ECHEANCE_DATE, DOSSIER_ID) VALUES  	('1493412','105','PAYEE',to_date('23/01/2017','DD/MM/RR'),'149341');
INSERT INTO  A_ECHEANCE  (ECHEANCE_ID, MONTANT, STATUT, ECHEANCE_DATE, DOSSIER_ID) VALUES  	('1493422','97','PAYEE',to_date('13/01/2017','DD/MM/RR'),'149342');
INSERT INTO  A_ECHEANCE  (ECHEANCE_ID, MONTANT, STATUT, ECHEANCE_DATE, DOSSIER_ID) VALUES  	('1493432','90','PAYEE',to_date('14/01/2017','DD/MM/RR'),'149343');
INSERT INTO  A_ECHEANCE  (ECHEANCE_ID, MONTANT, STATUT, ECHEANCE_DATE, DOSSIER_ID) VALUES  	('1493442','82','PAYEE',to_date('15/01/2017','DD/MM/RR'),'149344');
INSERT INTO  A_ECHEANCE  (ECHEANCE_ID, MONTANT, STATUT, ECHEANCE_DATE, DOSSIER_ID) VALUES  	('1493452','75','PAYEE',to_date('16/01/2017','DD/MM/RR'),'149345');
INSERT INTO  A_ECHEANCE  (ECHEANCE_ID, MONTANT, STATUT, ECHEANCE_DATE, DOSSIER_ID) VALUES  	('1493472','60','PAYEE',to_date('18/01/2017','DD/MM/RR'),'149347');
INSERT INTO  A_ECHEANCE  (ECHEANCE_ID, MONTANT, STATUT, ECHEANCE_DATE, DOSSIER_ID) VALUES  	('1493482','52','PAYEE',to_date('19/01/2017','DD/MM/RR'),'149348');
INSERT INTO  A_ECHEANCE  (ECHEANCE_ID, MONTANT, STATUT, ECHEANCE_DATE, DOSSIER_ID) VALUES  	('1493492','45','PAYEE',to_date('20/01/2017','DD/MM/RR'),'149349');
INSERT INTO  A_ECHEANCE  (ECHEANCE_ID, MONTANT, STATUT, ECHEANCE_DATE, DOSSIER_ID) VALUES  	('1493502','37','PAYEE',to_date('21/01/2017','DD/MM/RR'),'149350');
INSERT INTO  A_ECHEANCE  (ECHEANCE_ID, MONTANT, STATUT, ECHEANCE_DATE, DOSSIER_ID) VALUES 
INSERT INTO  A_ECHEANCE  (ECHEANCE_ID, MONTANT, STATUT, ECHEANCE_DATE, DOSSIER_ID) VALUES  	('1010013','540','PAYEE',to_date('30/10/2017','DD/MM/RR'),'101001');
INSERT INTO  A_ECHEANCE  (ECHEANCE_ID, MONTANT, STATUT, ECHEANCE_DATE, DOSSIER_ID) VALUES  	('1012063','502','PAYEE',to_date('31/10/2017','DD/MM/RR'),'101206');
INSERT INTO  A_ECHEANCE  (ECHEANCE_ID, MONTANT, STATUT, ECHEANCE_DATE, DOSSIER_ID) VALUES  	('1014113','465','IMPAYEE',to_date('01/11/2017','DD/MM/RR'),'101411');
INSERT INTO  A_ECHEANCE  (ECHEANCE_ID, MONTANT, STATUT, ECHEANCE_DATE, DOSSIER_ID) VALUES  	('1016163','427','IMPAYEE',to_date('02/11/2017','DD/MM/RR'),'101616');
INSERT INTO  A_ECHEANCE  (ECHEANCE_ID, MONTANT, STATUT, ECHEANCE_DATE, DOSSIER_ID) VALUES  	('1018213','390','PAYEE',to_date('03/11/2017','DD/MM/RR'),'101821');
INSERT INTO  A_ECHEANCE  (ECHEANCE_ID, MONTANT, STATUT, ECHEANCE_DATE, DOSSIER_ID) VALUES  	('1020263','352','PAYEE',to_date('04/11/2017','DD/MM/RR'),'102026');
INSERT INTO  A_ECHEANCE  (ECHEANCE_ID, MONTANT, STATUT, ECHEANCE_DATE, DOSSIER_ID) VALUES  	('1022313','367','PAYEE',to_date('05/11/2017','DD/MM/RR'),'102231');
INSERT INTO  A_ECHEANCE  (ECHEANCE_ID, MONTANT, STATUT, ECHEANCE_DATE, DOSSIER_ID) VALUES  	('1024363','382','PAYEE',to_date('06/11/2017','DD/MM/RR'),'102436');
INSERT INTO  A_ECHEANCE  (ECHEANCE_ID, MONTANT, STATUT, ECHEANCE_DATE, DOSSIER_ID) VALUES  	('1026413','397','PAYEE',to_date('07/11/2017','DD/MM/RR'),'102641');
INSERT INTO  A_ECHEANCE  (ECHEANCE_ID, MONTANT, STATUT, ECHEANCE_DATE, DOSSIER_ID) VALUES  	('1030513','427','PAYEE',to_date('10/11/2017','DD/MM/RR'),'103051');
INSERT INTO  A_ECHEANCE  (ECHEANCE_ID, MONTANT, STATUT, ECHEANCE_DATE, DOSSIER_ID) VALUES  	('1032563','442','PAYEE',to_date('11/11/2017','DD/MM/RR'),'103256');
INSERT INTO  A_ECHEANCE  (ECHEANCE_ID, MONTANT, STATUT, ECHEANCE_DATE, DOSSIER_ID) VALUES  	('1034613','457','PAYEE',to_date('12/11/2017','DD/MM/RR'),'103461');
INSERT INTO  A_ECHEANCE  (ECHEANCE_ID, MONTANT, STATUT, ECHEANCE_DATE, DOSSIER_ID) VALUES  	('1036663','472','PAYEE',to_date('13/11/2017','DD/MM/RR'),'103666');
INSERT INTO  A_ECHEANCE  (ECHEANCE_ID, MONTANT, STATUT, ECHEANCE_DATE, DOSSIER_ID) VALUES  	('1038713','487','PAYEE',to_date('14/11/2017','DD/MM/RR'),'103871');
INSERT INTO  A_ECHEANCE  (ECHEANCE_ID, MONTANT, STATUT, ECHEANCE_DATE, DOSSIER_ID) VALUES  	('1040763','502','PAYEE',to_date('15/11/2017','DD/MM/RR'),'104076');
INSERT INTO  A_ECHEANCE  (ECHEANCE_ID, MONTANT, STATUT, ECHEANCE_DATE, DOSSIER_ID) VALUES  	('1042813','517','PAYEE',to_date('16/11/2017','DD/MM/RR'),'104281');
INSERT INTO  A_ECHEANCE  (ECHEANCE_ID, MONTANT, STATUT, ECHEANCE_DATE, DOSSIER_ID) VALUES  	('1044863','532','PAYEE',to_date('17/11/2017','DD/MM/RR'),'104486');
INSERT INTO  A_ECHEANCE  (ECHEANCE_ID, MONTANT, STATUT, ECHEANCE_DATE, DOSSIER_ID) VALUES  	('1046913','547','PAYEE',to_date('18/11/2017','DD/MM/RR'),'104691');
INSERT INTO  A_ECHEANCE  (ECHEANCE_ID, MONTANT, STATUT, ECHEANCE_DATE, DOSSIER_ID) VALUES  	('1048963','562','PAYEE',to_date('19/11/2017','DD/MM/RR'),'104896');
INSERT INTO  A_ECHEANCE  (ECHEANCE_ID, MONTANT, STATUT, ECHEANCE_DATE, DOSSIER_ID) VALUES  	('1051013','577','PAYEE',to_date('20/11/2017','DD/MM/RR'),'105101');
INSERT INTO  A_ECHEANCE  (ECHEANCE_ID, MONTANT, STATUT, ECHEANCE_DATE, DOSSIER_ID) VALUES  	('1053063','592','PAYEE',to_date('21/11/2017','DD/MM/RR'),'105306');
INSERT INTO  A_ECHEANCE  (ECHEANCE_ID, MONTANT, STATUT, ECHEANCE_DATE, DOSSIER_ID) VALUES  	('1055113','607','PAYEE',to_date('23/11/2017','DD/MM/RR'),'105511');
INSERT INTO  A_ECHEANCE  (ECHEANCE_ID, MONTANT, STATUT, ECHEANCE_DATE, DOSSIER_ID) VALUES  	('1059213','637','PAYEE',to_date('25/11/2017','DD/MM/RR'),'105921');
INSERT INTO  A_ECHEANCE  (ECHEANCE_ID, MONTANT, STATUT, ECHEANCE_DATE, DOSSIER_ID) VALUES  	('1061263','652','PAYEE',to_date('26/11/2017','DD/MM/RR'),'106126');
INSERT INTO  A_ECHEANCE  (ECHEANCE_ID, MONTANT, STATUT, ECHEANCE_DATE, DOSSIER_ID) VALUES  	('1063313','667','PAYEE',to_date('27/11/2017','DD/MM/RR'),'106331');
INSERT INTO  A_ECHEANCE  (ECHEANCE_ID, MONTANT, STATUT, ECHEANCE_DATE, DOSSIER_ID) VALUES  	('1065363','682','PAYEE',to_date('28/11/2017','DD/MM/RR'),'106536');
INSERT INTO  A_ECHEANCE  (ECHEANCE_ID, MONTANT, STATUT, ECHEANCE_DATE, DOSSIER_ID) VALUES  	('1067413','697','PAYEE',to_date('29/11/2017','DD/MM/RR'),'106741');
INSERT INTO  A_ECHEANCE  (ECHEANCE_ID, MONTANT, STATUT, ECHEANCE_DATE, DOSSIER_ID) VALUES  	('1069463','712','PAYEE',to_date('30/11/2017','DD/MM/RR'),'106946');
INSERT INTO  A_ECHEANCE  (ECHEANCE_ID, MONTANT, STATUT, ECHEANCE_DATE, DOSSIER_ID) VALUES  	('1071513','727','PAYEE',to_date('01/12/2017','DD/MM/RR'),'107151');
INSERT INTO  A_ECHEANCE  (ECHEANCE_ID, MONTANT, STATUT, ECHEANCE_DATE, DOSSIER_ID) VALUES  	('1074563','742','PAYEE',to_date('02/12/2017','DD/MM/RR'),'107456');
INSERT INTO  A_ECHEANCE  (ECHEANCE_ID, MONTANT, STATUT, ECHEANCE_DATE, DOSSIER_ID) VALUES  	('1076613','757','PAYEE',to_date('03/12/2017','DD/MM/RR'),'107661');
INSERT INTO  A_ECHEANCE  (ECHEANCE_ID, MONTANT, STATUT, ECHEANCE_DATE, DOSSIER_ID) VALUES  	('1078663','772','PAYEE',to_date('04/12/2017','DD/MM/RR'),'107866');
INSERT INTO  A_ECHEANCE  (ECHEANCE_ID, MONTANT, STATUT, ECHEANCE_DATE, DOSSIER_ID) VALUES  	('1080713','787','PAYEE',to_date('05/12/2017','DD/MM/RR'),'108071');
INSERT INTO  A_ECHEANCE  (ECHEANCE_ID, MONTANT, STATUT, ECHEANCE_DATE, DOSSIER_ID) VALUES  	('1082763','802','PAYEE',to_date('06/12/2017','DD/MM/RR'),'108276');
INSERT INTO  A_ECHEANCE  (ECHEANCE_ID, MONTANT, STATUT, ECHEANCE_DATE, DOSSIER_ID) VALUES  	('1084813','817','PAYEE',to_date('07/12/2017','DD/MM/RR'),'108481');
INSERT INTO  A_ECHEANCE  (ECHEANCE_ID, MONTANT, STATUT, ECHEANCE_DATE, DOSSIER_ID) VALUES  	('1086863','832','PAYEE',to_date('08/12/2017','DD/MM/RR'),'108686');
INSERT INTO  A_ECHEANCE  (ECHEANCE_ID, MONTANT, STATUT, ECHEANCE_DATE, DOSSIER_ID) VALUES  	('1088913','847','PAYEE',to_date('09/12/2017','DD/MM/RR'),'108891');
INSERT INTO  A_ECHEANCE  (ECHEANCE_ID, MONTANT, STATUT, ECHEANCE_DATE, DOSSIER_ID) VALUES  	('1090963','862','PAYEE',to_date('10/12/2017','DD/MM/RR'),'109096');
INSERT INTO  A_ECHEANCE  (ECHEANCE_ID, MONTANT, STATUT, ECHEANCE_DATE, DOSSIER_ID) VALUES  	('1093013','877','PAYEE',to_date('11/12/2017','DD/MM/RR'),'109301');
INSERT INTO  A_ECHEANCE  (ECHEANCE_ID, MONTANT, STATUT, ECHEANCE_DATE, DOSSIER_ID) VALUES  	('1095063','892','PAYEE',to_date('12/12/2017','DD/MM/RR'),'109506');
INSERT INTO  A_ECHEANCE  (ECHEANCE_ID, MONTANT, STATUT, ECHEANCE_DATE, DOSSIER_ID) VALUES  	('1097113','907','PAYEE',to_date('13/12/2017','DD/MM/RR'),'109711');
INSERT INTO  A_ECHEANCE  (ECHEANCE_ID, MONTANT, STATUT, ECHEANCE_DATE, DOSSIER_ID) VALUES  	('1099163','922','PAYEE',to_date('14/12/2017','DD/MM/RR'),'109916');
INSERT INTO  A_ECHEANCE  (ECHEANCE_ID, MONTANT, STATUT, ECHEANCE_DATE, DOSSIER_ID) VALUES  	('1101213','937','PAYEE',to_date('15/12/2017','DD/MM/RR'),'110121');
INSERT INTO  A_ECHEANCE  (ECHEANCE_ID, MONTANT, STATUT, ECHEANCE_DATE, DOSSIER_ID) VALUES  	('1105213','952','PAYEE',to_date('17/12/2017','DD/MM/RR'),'110521');
INSERT INTO  A_ECHEANCE  (ECHEANCE_ID, MONTANT, STATUT, ECHEANCE_DATE, DOSSIER_ID) VALUES  	('1107263','967','PAYEE',to_date('18/12/2017','DD/MM/RR'),'110726');
INSERT INTO  A_ECHEANCE  (ECHEANCE_ID, MONTANT, STATUT, ECHEANCE_DATE, DOSSIER_ID) VALUES  	('1111363','997','PAYEE',to_date('20/12/2017','DD/MM/RR'),'111136');
INSERT INTO  A_ECHEANCE  (ECHEANCE_ID, MONTANT, STATUT, ECHEANCE_DATE, DOSSIER_ID) VALUES  	('1113413','1012','PAYEE',to_date('21/12/2017','DD/MM/RR'),'111341');
INSERT INTO  A_ECHEANCE  (ECHEANCE_ID, MONTANT, STATUT, ECHEANCE_DATE, DOSSIER_ID) VALUES  	('1115463','1027','PAYEE',to_date('22/12/2017','DD/MM/RR'),'111546');
INSERT INTO  A_ECHEANCE  (ECHEANCE_ID, MONTANT, STATUT, ECHEANCE_DATE, DOSSIER_ID) VALUES  	('1115613','1042','PAYEE',to_date('23/12/2017','DD/MM/RR'),'111561');
INSERT INTO  A_ECHEANCE  (ECHEANCE_ID, MONTANT, STATUT, ECHEANCE_DATE, DOSSIER_ID) VALUES  	('1117663','1057','PAYEE',to_date('24/12/2017','DD/MM/RR'),'111766');
INSERT INTO  A_ECHEANCE  (ECHEANCE_ID, MONTANT, STATUT, ECHEANCE_DATE, DOSSIER_ID) VALUES  	('1119713','1050','PAYEE',to_date('25/12/2017','DD/MM/RR'),'111971');
INSERT INTO  A_ECHEANCE  (ECHEANCE_ID, MONTANT, STATUT, ECHEANCE_DATE, DOSSIER_ID) VALUES  	('1121763','1042','PAYEE',to_date('26/12/2017','DD/MM/RR'),'112176');
INSERT INTO  A_ECHEANCE  (ECHEANCE_ID, MONTANT, STATUT, ECHEANCE_DATE, DOSSIER_ID) VALUES  	('1123813','1035','PAYEE',to_date('27/12/2017','DD/MM/RR'),'112381');
INSERT INTO  A_ECHEANCE  (ECHEANCE_ID, MONTANT, STATUT, ECHEANCE_DATE, DOSSIER_ID) VALUES  	('1125863','1027','PAYEE',to_date('29/12/2017','DD/MM/RR'),'112586');
INSERT INTO  A_ECHEANCE  (ECHEANCE_ID, MONTANT, STATUT, ECHEANCE_DATE, DOSSIER_ID) VALUES  	('1127913','1020','PAYEE',to_date('30/12/2017','DD/MM/RR'),'112791');
INSERT INTO  A_ECHEANCE  (ECHEANCE_ID, MONTANT, STATUT, ECHEANCE_DATE, DOSSIER_ID) VALUES  	('1128963','1012','PAYEE',to_date('31/12/2017','DD/MM/RR'),'112896');
INSERT INTO  A_ECHEANCE  (ECHEANCE_ID, MONTANT, STATUT, ECHEANCE_DATE, DOSSIER_ID) VALUES  	('1133063','997','EN_ATTENTE',to_date('02/01/2018','DD/MM/RR'),'113306');
INSERT INTO  A_ECHEANCE  (ECHEANCE_ID, MONTANT, STATUT, ECHEANCE_DATE, DOSSIER_ID) VALUES  	('1135113','990','EN_ATTENTE',to_date('03/01/2018','DD/MM/RR'),'113511');
INSERT INTO  A_ECHEANCE  (ECHEANCE_ID, MONTANT, STATUT, ECHEANCE_DATE, DOSSIER_ID) VALUES  	('1137163','982','EN_ATTENTE',to_date('04/01/2018','DD/MM/RR'),'113716');
INSERT INTO  A_ECHEANCE  (ECHEANCE_ID, MONTANT, STATUT, ECHEANCE_DATE, DOSSIER_ID) VALUES  	('1139213','975','EN_ATTENTE',to_date('05/01/2018','DD/MM/RR'),'113921');
INSERT INTO  A_ECHEANCE  (ECHEANCE_ID, MONTANT, STATUT, ECHEANCE_DATE, DOSSIER_ID) VALUES  	('1141263','967','EN_ATTENTE',to_date('06/01/2018','DD/MM/RR'),'114126');
INSERT INTO  A_ECHEANCE  (ECHEANCE_ID, MONTANT, STATUT, ECHEANCE_DATE, DOSSIER_ID) VALUES  	('1143313','960','EN_ATTENTE',to_date('07/01/2018','DD/MM/RR'),'114331');
INSERT INTO  A_ECHEANCE  (ECHEANCE_ID, MONTANT, STATUT, ECHEANCE_DATE, DOSSIER_ID) VALUES  	('1145363','952','EN_ATTENTE',to_date('08/01/2018','DD/MM/RR'),'114536');
INSERT INTO  A_ECHEANCE  (ECHEANCE_ID, MONTANT, STATUT, ECHEANCE_DATE, DOSSIER_ID) VALUES  	('1150413','945','EN_ATTENTE',to_date('09/01/2018','DD/MM/RR'),'115041');
INSERT INTO  A_ECHEANCE  (ECHEANCE_ID, MONTANT, STATUT, ECHEANCE_DATE, DOSSIER_ID) VALUES  	('1152463','937','EN_ATTENTE',to_date('10/01/2018','DD/MM/RR'),'115246');
INSERT INTO  A_ECHEANCE  (ECHEANCE_ID, MONTANT, STATUT, ECHEANCE_DATE, DOSSIER_ID) VALUES  	('1154513','930','EN_ATTENTE',to_date('11/01/2018','DD/MM/RR'),'115451');
INSERT INTO  A_ECHEANCE  (ECHEANCE_ID, MONTANT, STATUT, ECHEANCE_DATE, DOSSIER_ID) VALUES  	('1156563','922','EN_ATTENTE',to_date('12/01/2018','DD/MM/RR'),'115656');
INSERT INTO  A_ECHEANCE  (ECHEANCE_ID, MONTANT, STATUT, ECHEANCE_DATE, DOSSIER_ID) VALUES  	('1158613','915','EN_ATTENTE',to_date('13/01/2018','DD/MM/RR'),'115861');
INSERT INTO  A_ECHEANCE  (ECHEANCE_ID, MONTANT, STATUT, ECHEANCE_DATE, DOSSIER_ID) VALUES  	('1160663','907','EN_ATTENTE',to_date('14/01/2018','DD/MM/RR'),'116066');
INSERT INTO  A_ECHEANCE  (ECHEANCE_ID, MONTANT, STATUT, ECHEANCE_DATE, DOSSIER_ID) VALUES  	('1162713','900','EN_ATTENTE',to_date('15/01/2018','DD/MM/RR'),'116271');
INSERT INTO  A_ECHEANCE  (ECHEANCE_ID, MONTANT, STATUT, ECHEANCE_DATE, DOSSIER_ID) VALUES  	('1164763','892','EN_ATTENTE',to_date('16/01/2018','DD/MM/RR'),'116476');
INSERT INTO  A_ECHEANCE  (ECHEANCE_ID, MONTANT, STATUT, ECHEANCE_DATE, DOSSIER_ID) VALUES  	('1166813','885','EN_ATTENTE',to_date('17/01/2018','DD/MM/RR'),'116681');
INSERT INTO  A_ECHEANCE  (ECHEANCE_ID, MONTANT, STATUT, ECHEANCE_DATE, DOSSIER_ID) VALUES  	('1168863','877','EN_ATTENTE',to_date('18/01/2018','DD/MM/RR'),'116886');
INSERT INTO  A_ECHEANCE  (ECHEANCE_ID, MONTANT, STATUT, ECHEANCE_DATE, DOSSIER_ID) VALUES  	('1170913','870','EN_ATTENTE',to_date('19/01/2018','DD/MM/RR'),'117091');
INSERT INTO  A_ECHEANCE  (ECHEANCE_ID, MONTANT, STATUT, ECHEANCE_DATE, DOSSIER_ID) VALUES  	('1172963','862','EN_ATTENTE',to_date('20/01/2018','DD/MM/RR'),'117296');
INSERT INTO  A_ECHEANCE  (ECHEANCE_ID, MONTANT, STATUT, ECHEANCE_DATE, DOSSIER_ID) VALUES  	('1175013','855','EN_ATTENTE',to_date('21/01/2018','DD/MM/RR'),'117501');
INSERT INTO  A_ECHEANCE  (ECHEANCE_ID, MONTANT, STATUT, ECHEANCE_DATE, DOSSIER_ID) VALUES  	('1177063','847','EN_ATTENTE',to_date('22/01/2018','DD/MM/RR'),'117706');
INSERT INTO  A_ECHEANCE  (ECHEANCE_ID, MONTANT, STATUT, ECHEANCE_DATE, DOSSIER_ID) VALUES  	('1179113','840','EN_ATTENTE',to_date('23/01/2018','DD/MM/RR'),'117911');
INSERT INTO  A_ECHEANCE  (ECHEANCE_ID, MONTANT, STATUT, ECHEANCE_DATE, DOSSIER_ID) VALUES  	('1181163','832','EN_ATTENTE',to_date('24/01/2018','DD/MM/RR'),'118116');
INSERT INTO  A_ECHEANCE  (ECHEANCE_ID, MONTANT, STATUT, ECHEANCE_DATE, DOSSIER_ID) VALUES  	('1183213','825','EN_ATTENTE',to_date('26/01/2018','DD/MM/RR'),'118321');
INSERT INTO  A_ECHEANCE  (ECHEANCE_ID, MONTANT, STATUT, ECHEANCE_DATE, DOSSIER_ID) VALUES  	('1185263','817','EN_ATTENTE',to_date('27/01/2018','DD/MM/RR'),'118526');
INSERT INTO  A_ECHEANCE  (ECHEANCE_ID, MONTANT, STATUT, ECHEANCE_DATE, DOSSIER_ID) VALUES  	('1187313','810','EN_ATTENTE',to_date('28/01/2018','DD/MM/RR'),'118731');
INSERT INTO  A_ECHEANCE  (ECHEANCE_ID, MONTANT, STATUT, ECHEANCE_DATE, DOSSIER_ID) VALUES  	('1189363','802','EN_ATTENTE',to_date('29/01/2018','DD/MM/RR'),'118936');
INSERT INTO  A_ECHEANCE  (ECHEANCE_ID, MONTANT, STATUT, ECHEANCE_DATE, DOSSIER_ID) VALUES  	('1193463','787','EN_ATTENTE',to_date('31/01/2018','DD/MM/RR'),'119346');
INSERT INTO  A_ECHEANCE  (ECHEANCE_ID, MONTANT, STATUT, ECHEANCE_DATE, DOSSIER_ID) VALUES  	('1195513','780','EN_ATTENTE',to_date('01/02/2018','DD/MM/RR'),'119551');
INSERT INTO  A_ECHEANCE  (ECHEANCE_ID, MONTANT, STATUT, ECHEANCE_DATE, DOSSIER_ID) VALUES  	('1197563','772','EN_ATTENTE',to_date('02/02/2018','DD/MM/RR'),'119756');
INSERT INTO  A_ECHEANCE  (ECHEANCE_ID, MONTANT, STATUT, ECHEANCE_DATE, DOSSIER_ID) VALUES  	('1199613','765','EN_ATTENTE',to_date('03/02/2018','DD/MM/RR'),'119961');
INSERT INTO  A_ECHEANCE  (ECHEANCE_ID, MONTANT, STATUT, ECHEANCE_DATE, DOSSIER_ID) VALUES  	('1201663','757','EN_ATTENTE',to_date('04/02/2018','DD/MM/RR'),'120166');
INSERT INTO  A_ECHEANCE  (ECHEANCE_ID, MONTANT, STATUT, ECHEANCE_DATE, DOSSIER_ID) VALUES  	('1203713','750','EN_ATTENTE',to_date('05/02/2018','DD/MM/RR'),'120371');
INSERT INTO  A_ECHEANCE  (ECHEANCE_ID, MONTANT, STATUT, ECHEANCE_DATE, DOSSIER_ID) VALUES  	('1205763','742','EN_ATTENTE',to_date('06/02/2018','DD/MM/RR'),'120576');
INSERT INTO  A_ECHEANCE  (ECHEANCE_ID, MONTANT, STATUT, ECHEANCE_DATE, DOSSIER_ID) VALUES  	('1207813','735','EN_ATTENTE',to_date('07/02/2018','DD/MM/RR'),'120781');
INSERT INTO  A_ECHEANCE  (ECHEANCE_ID, MONTANT, STATUT, ECHEANCE_DATE, DOSSIER_ID) VALUES  	('1209863','727','EN_ATTENTE',to_date('08/02/2018','DD/MM/RR'),'120986');
INSERT INTO  A_ECHEANCE  (ECHEANCE_ID, MONTANT, STATUT, ECHEANCE_DATE, DOSSIER_ID) VALUES  	('1211913','720','EN_ATTENTE',to_date('09/02/2018','DD/MM/RR'),'121191');
INSERT INTO  A_ECHEANCE  (ECHEANCE_ID, MONTANT, STATUT, ECHEANCE_DATE, DOSSIER_ID) VALUES  	('1213963','712','EN_ATTENTE',to_date('10/02/2018','DD/MM/RR'),'121396');
INSERT INTO  A_ECHEANCE  (ECHEANCE_ID, MONTANT, STATUT, ECHEANCE_DATE, DOSSIER_ID) VALUES  	('1216013','705','EN_ATTENTE',to_date('11/02/2018','DD/MM/RR'),'121601');
INSERT INTO  A_ECHEANCE  (ECHEANCE_ID, MONTANT, STATUT, ECHEANCE_DATE, DOSSIER_ID) VALUES  	('1218063','697','EN_ATTENTE',to_date('12/02/2018','DD/MM/RR'),'121806');
INSERT INTO  A_ECHEANCE  (ECHEANCE_ID, MONTANT, STATUT, ECHEANCE_DATE, DOSSIER_ID) VALUES  	('1220113','690','EN_ATTENTE',to_date('13/02/2018','DD/MM/RR'),'122011');
INSERT INTO  A_ECHEANCE  (ECHEANCE_ID, MONTANT, STATUT, ECHEANCE_DATE, DOSSIER_ID) VALUES  	('1222163','682','EN_ATTENTE',to_date('14/02/2018','DD/MM/RR'),'122216');
INSERT INTO  A_ECHEANCE  (ECHEANCE_ID, MONTANT, STATUT, ECHEANCE_DATE, DOSSIER_ID) VALUES  	('1224213','675','EN_ATTENTE',to_date('15/02/2018','DD/MM/RR'),'122421');
INSERT INTO  A_ECHEANCE  (ECHEANCE_ID, MONTANT, STATUT, ECHEANCE_DATE, DOSSIER_ID) VALUES  	('1226263','667','EN_ATTENTE',to_date('16/02/2018','DD/MM/RR'),'122626');
INSERT INTO  A_ECHEANCE  (ECHEANCE_ID, MONTANT, STATUT, ECHEANCE_DATE, DOSSIER_ID) VALUES  	('1228313','660','EN_ATTENTE',to_date('17/02/2018','DD/MM/RR'),'122831');
INSERT INTO  A_ECHEANCE  (ECHEANCE_ID, MONTANT, STATUT, ECHEANCE_DATE, DOSSIER_ID) VALUES  	('1230363','652','EN_ATTENTE',to_date('18/02/2018','DD/MM/RR'),'123036');
INSERT INTO  A_ECHEANCE  (ECHEANCE_ID, MONTANT, STATUT, ECHEANCE_DATE, DOSSIER_ID) VALUES  	('1232413','645','EN_ATTENTE',to_date('19/02/2018','DD/MM/RR'),'123241');
INSERT INTO  A_ECHEANCE  (ECHEANCE_ID, MONTANT, STATUT, ECHEANCE_DATE, DOSSIER_ID) VALUES  	('1234463','637','EN_ATTENTE',to_date('20/02/2018','DD/MM/RR'),'123446');
INSERT INTO  A_ECHEANCE  (ECHEANCE_ID, MONTANT, STATUT, ECHEANCE_DATE, DOSSIER_ID) VALUES  	('1236513','630','EN_ATTENTE',to_date('21/02/2018','DD/MM/RR'),'123651');
INSERT INTO  A_ECHEANCE  (ECHEANCE_ID, MONTANT, STATUT, ECHEANCE_DATE, DOSSIER_ID) VALUES  	('1238563','622','EN_ATTENTE',to_date('22/02/2018','DD/MM/RR'),'123856');
INSERT INTO  A_ECHEANCE  (ECHEANCE_ID, MONTANT, STATUT, ECHEANCE_DATE, DOSSIER_ID) VALUES  	('1240613','615','EN_ATTENTE',to_date('23/02/2018','DD/MM/RR'),'124061');
INSERT INTO  A_ECHEANCE  (ECHEANCE_ID, MONTANT, STATUT, ECHEANCE_DATE, DOSSIER_ID) VALUES  	('1242663','607','EN_ATTENTE',to_date('24/02/2018','DD/MM/RR'),'124266');
INSERT INTO  A_ECHEANCE  (ECHEANCE_ID, MONTANT, STATUT, ECHEANCE_DATE, DOSSIER_ID) VALUES  	('1244713','600','EN_ATTENTE',to_date('25/02/2018','DD/MM/RR'),'124471');
INSERT INTO  A_ECHEANCE  (ECHEANCE_ID, MONTANT, STATUT, ECHEANCE_DATE, DOSSIER_ID) VALUES  	('1246763','592','EN_ATTENTE',to_date('26/02/2018','DD/MM/RR'),'124676');
INSERT INTO  A_ECHEANCE  (ECHEANCE_ID, MONTANT, STATUT, ECHEANCE_DATE, DOSSIER_ID) VALUES  	('1248813','585','EN_ATTENTE',to_date('27/02/2018','DD/MM/RR'),'124881');
INSERT INTO  A_ECHEANCE  (ECHEANCE_ID, MONTANT, STATUT, ECHEANCE_DATE, DOSSIER_ID) VALUES  	('1250863','577','EN_ATTENTE',to_date('01/03/2018','DD/MM/RR'),'125086');
INSERT INTO  A_ECHEANCE  (ECHEANCE_ID, MONTANT, STATUT, ECHEANCE_DATE, DOSSIER_ID) VALUES  	('1256913','570','EN_ATTENTE',to_date('02/03/2018','DD/MM/RR'),'125691');
INSERT INTO  A_ECHEANCE  (ECHEANCE_ID, MONTANT, STATUT, ECHEANCE_DATE, DOSSIER_ID) VALUES  	('1258963','562','EN_ATTENTE',to_date('03/03/2018','DD/MM/RR'),'125896');
INSERT INTO  A_ECHEANCE  (ECHEANCE_ID, MONTANT, STATUT, ECHEANCE_DATE, DOSSIER_ID) VALUES  	('1261013','555','EN_ATTENTE',to_date('04/03/2018','DD/MM/RR'),'126101');
INSERT INTO  A_ECHEANCE  (ECHEANCE_ID, MONTANT, STATUT, ECHEANCE_DATE, DOSSIER_ID) VALUES  	('1263063','547','EN_ATTENTE',to_date('05/03/2018','DD/MM/RR'),'126306');
INSERT INTO  A_ECHEANCE  (ECHEANCE_ID, MONTANT, STATUT, ECHEANCE_DATE, DOSSIER_ID) VALUES  	('1267163','532','EN_ATTENTE',to_date('07/03/2018','DD/MM/RR'),'126716');
INSERT INTO  A_ECHEANCE  (ECHEANCE_ID, MONTANT, STATUT, ECHEANCE_DATE, DOSSIER_ID) VALUES  	('1269213','525','EN_ATTENTE',to_date('08/03/2018','DD/MM/RR'),'126921');
INSERT INTO  A_ECHEANCE  (ECHEANCE_ID, MONTANT, STATUT, ECHEANCE_DATE, DOSSIER_ID) VALUES  	('1271263','517','EN_ATTENTE',to_date('09/03/2018','DD/MM/RR'),'127126');
INSERT INTO  A_ECHEANCE  (ECHEANCE_ID, MONTANT, STATUT, ECHEANCE_DATE, DOSSIER_ID) VALUES  	('1273313','510','EN_ATTENTE',to_date('10/03/2018','DD/MM/RR'),'127331');
INSERT INTO  A_ECHEANCE  (ECHEANCE_ID, MONTANT, STATUT, ECHEANCE_DATE, DOSSIER_ID) VALUES  	('1275363','502','EN_ATTENTE',to_date('11/03/2018','DD/MM/RR'),'127536');
INSERT INTO  A_ECHEANCE  (ECHEANCE_ID, MONTANT, STATUT, ECHEANCE_DATE, DOSSIER_ID) VALUES  	('1277413','495','EN_ATTENTE',to_date('12/03/2018','DD/MM/RR'),'127741');
INSERT INTO  A_ECHEANCE  (ECHEANCE_ID, MONTANT, STATUT, ECHEANCE_DATE, DOSSIER_ID) VALUES  	('1279463','487','EN_ATTENTE',to_date('13/03/2018','DD/MM/RR'),'127946');
INSERT INTO  A_ECHEANCE  (ECHEANCE_ID, MONTANT, STATUT, ECHEANCE_DATE, DOSSIER_ID) VALUES  	('1281513','480','EN_ATTENTE',to_date('14/03/2018','DD/MM/RR'),'128151');
INSERT INTO  A_ECHEANCE  (ECHEANCE_ID, MONTANT, STATUT, ECHEANCE_DATE, DOSSIER_ID) VALUES  	('1287563','472','EN_ATTENTE',to_date('15/03/2018','DD/MM/RR'),'128756');
INSERT INTO  A_ECHEANCE  (ECHEANCE_ID, MONTANT, STATUT, ECHEANCE_DATE, DOSSIER_ID) VALUES  	('1293613','465','EN_ATTENTE',to_date('16/03/2018','DD/MM/RR'),'129361');
INSERT INTO  A_ECHEANCE  (ECHEANCE_ID, MONTANT, STATUT, ECHEANCE_DATE, DOSSIER_ID) VALUES  	('1299663','457','EN_ATTENTE',to_date('17/03/2018','DD/MM/RR'),'129966');
INSERT INTO  A_ECHEANCE  (ECHEANCE_ID, MONTANT, STATUT, ECHEANCE_DATE, DOSSIER_ID) VALUES  	('1305713','450','EN_ATTENTE',to_date('18/03/2018','DD/MM/RR'),'130571');
INSERT INTO  A_ECHEANCE  (ECHEANCE_ID, MONTANT, STATUT, ECHEANCE_DATE, DOSSIER_ID) VALUES  	('1311763','442','EN_ATTENTE',to_date('19/03/2018','DD/MM/RR'),'131176');
INSERT INTO  A_ECHEANCE  (ECHEANCE_ID, MONTANT, STATUT, ECHEANCE_DATE, DOSSIER_ID) VALUES  	('1317813','435','EN_ATTENTE',to_date('20/03/2018','DD/MM/RR'),'131781');
INSERT INTO  A_ECHEANCE  (ECHEANCE_ID, MONTANT, STATUT, ECHEANCE_DATE, DOSSIER_ID) VALUES  	('1323863','427','EN_ATTENTE',to_date('21/03/2018','DD/MM/RR'),'132386');
INSERT INTO  A_ECHEANCE  (ECHEANCE_ID, MONTANT, STATUT, ECHEANCE_DATE, DOSSIER_ID) VALUES  	('1329913','420','EN_ATTENTE',to_date('22/03/2018','DD/MM/RR'),'132991');
INSERT INTO  A_ECHEANCE  (ECHEANCE_ID, MONTANT, STATUT, ECHEANCE_DATE, DOSSIER_ID) VALUES  	('1335963','412','EN_ATTENTE',to_date('23/03/2018','DD/MM/RR'),'133596');
INSERT INTO  A_ECHEANCE  (ECHEANCE_ID, MONTANT, STATUT, ECHEANCE_DATE, DOSSIER_ID) VALUES  	('1342013','405','EN_ATTENTE',to_date('24/03/2018','DD/MM/RR'),'134201');
INSERT INTO  A_ECHEANCE  (ECHEANCE_ID, MONTANT, STATUT, ECHEANCE_DATE, DOSSIER_ID) VALUES  	('1348063','397','EN_ATTENTE',to_date('25/03/2018','DD/MM/RR'),'134806');
INSERT INTO  A_ECHEANCE  (ECHEANCE_ID, MONTANT, STATUT, ECHEANCE_DATE, DOSSIER_ID) VALUES  	('1354113','390','EN_ATTENTE',to_date('26/03/2018','DD/MM/RR'),'135411');
INSERT INTO  A_ECHEANCE  (ECHEANCE_ID, MONTANT, STATUT, ECHEANCE_DATE, DOSSIER_ID) VALUES  	('1360163','382','EN_ATTENTE',to_date('27/03/2018','DD/MM/RR'),'136016');
INSERT INTO  A_ECHEANCE  (ECHEANCE_ID, MONTANT, STATUT, ECHEANCE_DATE, DOSSIER_ID) VALUES  	('1366213','375','EN_ATTENTE',to_date('28/03/2018','DD/MM/RR'),'136621');
INSERT INTO  A_ECHEANCE  (ECHEANCE_ID, MONTANT, STATUT, ECHEANCE_DATE, DOSSIER_ID) VALUES  	('1372263','367','EN_ATTENTE',to_date('05/02/2018','DD/MM/RR'),'137226');
INSERT INTO  A_ECHEANCE  (ECHEANCE_ID, MONTANT, STATUT, ECHEANCE_DATE, DOSSIER_ID) VALUES  	('1378313','360','EN_ATTENTE',to_date('26/01/2018','DD/MM/RR'),'137831');
INSERT INTO  A_ECHEANCE  (ECHEANCE_ID, MONTANT, STATUT, ECHEANCE_DATE, DOSSIER_ID) VALUES  	('1384363','352','EN_ATTENTE',to_date('16/01/2018','DD/MM/RR'),'138436');
INSERT INTO  A_ECHEANCE  (ECHEANCE_ID, MONTANT, STATUT, ECHEANCE_DATE, DOSSIER_ID) VALUES  	('1390413','345','EN_ATTENTE',to_date('06/01/2018','DD/MM/RR'),'139041');
INSERT INTO  A_ECHEANCE  (ECHEANCE_ID, MONTANT, STATUT, ECHEANCE_DATE, DOSSIER_ID) VALUES  	('1396463','337','PAYEE',to_date('28/12/2017','DD/MM/RR'),'139646');
INSERT INTO  A_ECHEANCE  (ECHEANCE_ID, MONTANT, STATUT, ECHEANCE_DATE, DOSSIER_ID) VALUES  	('1402513','330','PAYEE',to_date('18/12/2017','DD/MM/RR'),'140251');
INSERT INTO  A_ECHEANCE  (ECHEANCE_ID, MONTANT, STATUT, ECHEANCE_DATE, DOSSIER_ID) VALUES  	('1408563','322','PAYEE',to_date('08/12/2017','DD/MM/RR'),'140856');
INSERT INTO  A_ECHEANCE  (ECHEANCE_ID, MONTANT, STATUT, ECHEANCE_DATE, DOSSIER_ID) VALUES  	('1414613','315','PAYEE',to_date('28/11/2017','DD/MM/RR'),'141461');
INSERT INTO  A_ECHEANCE  (ECHEANCE_ID, MONTANT, STATUT, ECHEANCE_DATE, DOSSIER_ID) VALUES  	('1420663','307','PAYEE',to_date('18/11/2017','DD/MM/RR'),'142066');
INSERT INTO  A_ECHEANCE  (ECHEANCE_ID, MONTANT, STATUT, ECHEANCE_DATE, DOSSIER_ID) VALUES  	('1426713','300','PAYEE',to_date('08/11/2017','DD/MM/RR'),'142671');
INSERT INTO  A_ECHEANCE  (ECHEANCE_ID, MONTANT, STATUT, ECHEANCE_DATE, DOSSIER_ID) VALUES  	('1438813','285','PAYEE',to_date('19/10/2017','DD/MM/RR'),'143881');
INSERT INTO  A_ECHEANCE  (ECHEANCE_ID, MONTANT, STATUT, ECHEANCE_DATE, DOSSIER_ID) VALUES  	('1444863','277','PAYEE',to_date('09/10/2017','DD/MM/RR'),'144486');
INSERT INTO  A_ECHEANCE  (ECHEANCE_ID, MONTANT, STATUT, ECHEANCE_DATE, DOSSIER_ID) VALUES  	('1450913','270','PAYEE',to_date('29/09/2017','DD/MM/RR'),'145091');
INSERT INTO  A_ECHEANCE  (ECHEANCE_ID, MONTANT, STATUT, ECHEANCE_DATE, DOSSIER_ID) VALUES  	('1456963','262','PAYEE',to_date('19/09/2017','DD/MM/RR'),'145696');
INSERT INTO  A_ECHEANCE  (ECHEANCE_ID, MONTANT, STATUT, ECHEANCE_DATE, DOSSIER_ID) VALUES  	('1463013','255','PAYEE',to_date('09/09/2017','DD/MM/RR'),'146301');
INSERT INTO  A_ECHEANCE  (ECHEANCE_ID, MONTANT, STATUT, ECHEANCE_DATE, DOSSIER_ID) VALUES  	('1469063','247','PAYEE',to_date('30/08/2017','DD/MM/RR'),'146906');
INSERT INTO  A_ECHEANCE  (ECHEANCE_ID, MONTANT, STATUT, ECHEANCE_DATE, DOSSIER_ID) VALUES  	('1475113','240','PAYEE',to_date('20/08/2017','DD/MM/RR'),'147511');
INSERT INTO  A_ECHEANCE  (ECHEANCE_ID, MONTANT, STATUT, ECHEANCE_DATE, DOSSIER_ID) VALUES  	('1481163','232','PAYEE',to_date('10/08/2017','DD/MM/RR'),'148116');
INSERT INTO  A_ECHEANCE  (ECHEANCE_ID, MONTANT, STATUT, ECHEANCE_DATE, DOSSIER_ID) VALUES  	('1487213','225','PAYEE',to_date('31/07/2017','DD/MM/RR'),'148721');
INSERT INTO  A_ECHEANCE  (ECHEANCE_ID, MONTANT, STATUT, ECHEANCE_DATE, DOSSIER_ID) VALUES  	('1493263','217','PAYEE',to_date('21/07/2017','DD/MM/RR'),'149326');
INSERT INTO  A_ECHEANCE  (ECHEANCE_ID, MONTANT, STATUT, ECHEANCE_DATE, DOSSIER_ID) VALUES  	('1493273','210','PAYEE',to_date('11/07/2017','DD/MM/RR'),'149327');
INSERT INTO  A_ECHEANCE  (ECHEANCE_ID, MONTANT, STATUT, ECHEANCE_DATE, DOSSIER_ID) VALUES  	('1493283','202','PAYEE',to_date('01/07/2017','DD/MM/RR'),'149328');
INSERT INTO  A_ECHEANCE  (ECHEANCE_ID, MONTANT, STATUT, ECHEANCE_DATE, DOSSIER_ID) VALUES  	('1493293','195','PAYEE',to_date('21/06/2017','DD/MM/RR'),'149329');
INSERT INTO  A_ECHEANCE  (ECHEANCE_ID, MONTANT, STATUT, ECHEANCE_DATE, DOSSIER_ID) VALUES  	('1493303','187','PAYEE',to_date('11/06/2017','DD/MM/RR'),'149330');
INSERT INTO  A_ECHEANCE  (ECHEANCE_ID, MONTANT, STATUT, ECHEANCE_DATE, DOSSIER_ID) VALUES  	('1493313','180','PAYEE',to_date('01/06/2017','DD/MM/RR'),'149331');
INSERT INTO  A_ECHEANCE  (ECHEANCE_ID, MONTANT, STATUT, ECHEANCE_DATE, DOSSIER_ID) VALUES  	('1493323','172','PAYEE',to_date('22/05/2017','DD/MM/RR'),'149332');
INSERT INTO  A_ECHEANCE  (ECHEANCE_ID, MONTANT, STATUT, ECHEANCE_DATE, DOSSIER_ID) VALUES  	('1493333','165','PAYEE',to_date('12/05/2017','DD/MM/RR'),'149333');
INSERT INTO  A_ECHEANCE  (ECHEANCE_ID, MONTANT, STATUT, ECHEANCE_DATE, DOSSIER_ID) VALUES  	('1493343','157','PAYEE',to_date('02/05/2017','DD/MM/RR'),'149334');
INSERT INTO  A_ECHEANCE  (ECHEANCE_ID, MONTANT, STATUT, ECHEANCE_DATE, DOSSIER_ID) VALUES  	('1493353','150','PAYEE',to_date('22/04/2017','DD/MM/RR'),'149335');
INSERT INTO  A_ECHEANCE  (ECHEANCE_ID, MONTANT, STATUT, ECHEANCE_DATE, DOSSIER_ID) VALUES  	('1493363','142','PAYEE',to_date('12/04/2017','DD/MM/RR'),'149336');
INSERT INTO  A_ECHEANCE  (ECHEANCE_ID, MONTANT, STATUT, ECHEANCE_DATE, DOSSIER_ID) VALUES  	('1493373','135','PAYEE',to_date('02/04/2017','DD/MM/RR'),'149337');
INSERT INTO  A_ECHEANCE  (ECHEANCE_ID, MONTANT, STATUT, ECHEANCE_DATE, DOSSIER_ID) VALUES  	('1493383','127','PAYEE',to_date('23/03/2017','DD/MM/RR'),'149338');
INSERT INTO  A_ECHEANCE  (ECHEANCE_ID, MONTANT, STATUT, ECHEANCE_DATE, DOSSIER_ID) VALUES  	('1493393','120','PAYEE',to_date('14/03/2017','DD/MM/RR'),'149339');
INSERT INTO  A_ECHEANCE  (ECHEANCE_ID, MONTANT, STATUT, ECHEANCE_DATE, DOSSIER_ID) VALUES  	('1493403','112','PAYEE',to_date('04/03/2017','DD/MM/RR'),'149340');
INSERT INTO  A_ECHEANCE  (ECHEANCE_ID, MONTANT, STATUT, ECHEANCE_DATE, DOSSIER_ID) VALUES  	('1493413','105','PAYEE',to_date('22/02/2017','DD/MM/RR'),'149341');
INSERT INTO  A_ECHEANCE  (ECHEANCE_ID, MONTANT, STATUT, ECHEANCE_DATE, DOSSIER_ID) VALUES  	('1493423','97','PAYEE',to_date('12/02/2017','DD/MM/RR'),'149342');
INSERT INTO  A_ECHEANCE  (ECHEANCE_ID, MONTANT, STATUT, ECHEANCE_DATE, DOSSIER_ID) VALUES  	('1493433','90','PAYEE',to_date('13/02/2017','DD/MM/RR'),'149343');
INSERT INTO  A_ECHEANCE  (ECHEANCE_ID, MONTANT, STATUT, ECHEANCE_DATE, DOSSIER_ID) VALUES  	('1493443','82','PAYEE',to_date('14/02/2017','DD/MM/RR'),'149344');
INSERT INTO  A_ECHEANCE  (ECHEANCE_ID, MONTANT, STATUT, ECHEANCE_DATE, DOSSIER_ID) VALUES  	('1493453','75','PAYEE',to_date('15/02/2017','DD/MM/RR'),'149345');
INSERT INTO  A_ECHEANCE  (ECHEANCE_ID, MONTANT, STATUT, ECHEANCE_DATE, DOSSIER_ID) VALUES  	('1493473','60','PAYEE',to_date('17/02/2017','DD/MM/RR'),'149347');
INSERT INTO  A_ECHEANCE  (ECHEANCE_ID, MONTANT, STATUT, ECHEANCE_DATE, DOSSIER_ID) VALUES  	('1493483','52','PAYEE',to_date('18/02/2017','DD/MM/RR'),'149348');
INSERT INTO  A_ECHEANCE  (ECHEANCE_ID, MONTANT, STATUT, ECHEANCE_DATE, DOSSIER_ID) VALUES  	('1493493','45','PAYEE',to_date('19/02/2017','DD/MM/RR'),'149349');
INSERT INTO  A_ECHEANCE  (ECHEANCE_ID, MONTANT, STATUT, ECHEANCE_DATE, DOSSIER_ID) VALUES  	('1493503','37','PAYEE',to_date('20/02/2017','DD/MM/RR'),'149350');
INSERT INTO  A_ECHEANCE  (ECHEANCE_ID, MONTANT, STATUT, ECHEANCE_DATE, DOSSIER_ID) VALUES 
INSERT INTO  A_ECHEANCE  (ECHEANCE_ID, MONTANT, STATUT, ECHEANCE_DATE, DOSSIER_ID) VALUES 
INSERT INTO  A_ECHEANCE  (ECHEANCE_ID, MONTANT, STATUT, ECHEANCE_DATE, DOSSIER_ID) VALUES  	('1010014','540','PAYEE',to_date('29/11/2017','DD/MM/RR'),'101001');
INSERT INTO  A_ECHEANCE  (ECHEANCE_ID, MONTANT, STATUT, ECHEANCE_DATE, DOSSIER_ID) VALUES  	('1012064','502','PAYEE',to_date('30/11/2017','DD/MM/RR'),'101206');
INSERT INTO  A_ECHEANCE  (ECHEANCE_ID, MONTANT, STATUT, ECHEANCE_DATE, DOSSIER_ID) VALUES  	('1014114','465','IMPAYEE',to_date('01/12/2017','DD/MM/RR'),'101411');
INSERT INTO  A_ECHEANCE  (ECHEANCE_ID, MONTANT, STATUT, ECHEANCE_DATE, DOSSIER_ID) VALUES  	('1016164','427','IMPAYEE',to_date('02/12/2017','DD/MM/RR'),'101616');
INSERT INTO  A_ECHEANCE  (ECHEANCE_ID, MONTANT, STATUT, ECHEANCE_DATE, DOSSIER_ID) VALUES  	('1018214','390','PAYEE',to_date('03/12/2017','DD/MM/RR'),'101821');
INSERT INTO  A_ECHEANCE  (ECHEANCE_ID, MONTANT, STATUT, ECHEANCE_DATE, DOSSIER_ID) VALUES  	('1020264','352','PAYEE',to_date('04/12/2017','DD/MM/RR'),'102026');
INSERT INTO  A_ECHEANCE  (ECHEANCE_ID, MONTANT, STATUT, ECHEANCE_DATE, DOSSIER_ID) VALUES  	('1022314','367','PAYEE',to_date('05/12/2017','DD/MM/RR'),'102231');
INSERT INTO  A_ECHEANCE  (ECHEANCE_ID, MONTANT, STATUT, ECHEANCE_DATE, DOSSIER_ID) VALUES  	('1024364','382','PAYEE',to_date('06/12/2017','DD/MM/RR'),'102436');
INSERT INTO  A_ECHEANCE  (ECHEANCE_ID, MONTANT, STATUT, ECHEANCE_DATE, DOSSIER_ID) VALUES  	('1026414','397','PAYEE',to_date('07/12/2017','DD/MM/RR'),'102641');
INSERT INTO  A_ECHEANCE  (ECHEANCE_ID, MONTANT, STATUT, ECHEANCE_DATE, DOSSIER_ID) VALUES  	('1030514','427','PAYEE',to_date('10/12/2017','DD/MM/RR'),'103051');
INSERT INTO  A_ECHEANCE  (ECHEANCE_ID, MONTANT, STATUT, ECHEANCE_DATE, DOSSIER_ID) VALUES  	('1032564','442','PAYEE',to_date('11/12/2017','DD/MM/RR'),'103256');
INSERT INTO  A_ECHEANCE  (ECHEANCE_ID, MONTANT, STATUT, ECHEANCE_DATE, DOSSIER_ID) VALUES  	('1034614','457','PAYEE',to_date('12/12/2017','DD/MM/RR'),'103461');
INSERT INTO  A_ECHEANCE  (ECHEANCE_ID, MONTANT, STATUT, ECHEANCE_DATE, DOSSIER_ID) VALUES  	('1036664','472','PAYEE',to_date('13/12/2017','DD/MM/RR'),'103666');
INSERT INTO  A_ECHEANCE  (ECHEANCE_ID, MONTANT, STATUT, ECHEANCE_DATE, DOSSIER_ID) VALUES  	('1038714','487','PAYEE',to_date('14/12/2017','DD/MM/RR'),'103871');
INSERT INTO  A_ECHEANCE  (ECHEANCE_ID, MONTANT, STATUT, ECHEANCE_DATE, DOSSIER_ID) VALUES  	('1040764','502','PAYEE',to_date('15/12/2017','DD/MM/RR'),'104076');
INSERT INTO  A_ECHEANCE  (ECHEANCE_ID, MONTANT, STATUT, ECHEANCE_DATE, DOSSIER_ID) VALUES  	('1042814','517','PAYEE',to_date('16/12/2017','DD/MM/RR'),'104281');
INSERT INTO  A_ECHEANCE  (ECHEANCE_ID, MONTANT, STATUT, ECHEANCE_DATE, DOSSIER_ID) VALUES  	('1044864','532','PAYEE',to_date('17/12/2017','DD/MM/RR'),'104486');
INSERT INTO  A_ECHEANCE  (ECHEANCE_ID, MONTANT, STATUT, ECHEANCE_DATE, DOSSIER_ID) VALUES  	('1046914','547','PAYEE',to_date('18/12/2017','DD/MM/RR'),'104691');
INSERT INTO  A_ECHEANCE  (ECHEANCE_ID, MONTANT, STATUT, ECHEANCE_DATE, DOSSIER_ID) VALUES  	('1048964','562','PAYEE',to_date('19/12/2017','DD/MM/RR'),'104896');
INSERT INTO  A_ECHEANCE  (ECHEANCE_ID, MONTANT, STATUT, ECHEANCE_DATE, DOSSIER_ID) VALUES  	('1051014','577','PAYEE',to_date('20/12/2017','DD/MM/RR'),'105101');
INSERT INTO  A_ECHEANCE  (ECHEANCE_ID, MONTANT, STATUT, ECHEANCE_DATE, DOSSIER_ID) VALUES  	('1053064','592','PAYEE',to_date('21/12/2017','DD/MM/RR'),'105306');
INSERT INTO  A_ECHEANCE  (ECHEANCE_ID, MONTANT, STATUT, ECHEANCE_DATE, DOSSIER_ID) VALUES  	('1055114','607','PAYEE',to_date('23/12/2017','DD/MM/RR'),'105511');
INSERT INTO  A_ECHEANCE  (ECHEANCE_ID, MONTANT, STATUT, ECHEANCE_DATE, DOSSIER_ID) VALUES  	('1059214','637','PAYEE',to_date('25/12/2017','DD/MM/RR'),'105921');
INSERT INTO  A_ECHEANCE  (ECHEANCE_ID, MONTANT, STATUT, ECHEANCE_DATE, DOSSIER_ID) VALUES  	('1061264','652','PAYEE',to_date('26/12/2017','DD/MM/RR'),'106126');
INSERT INTO  A_ECHEANCE  (ECHEANCE_ID, MONTANT, STATUT, ECHEANCE_DATE, DOSSIER_ID) VALUES  	('1063314','667','PAYEE',to_date('27/12/2017','DD/MM/RR'),'106331');
INSERT INTO  A_ECHEANCE  (ECHEANCE_ID, MONTANT, STATUT, ECHEANCE_DATE, DOSSIER_ID) VALUES  	('1065364','682','PAYEE',to_date('28/12/2017','DD/MM/RR'),'106536');
INSERT INTO  A_ECHEANCE  (ECHEANCE_ID, MONTANT, STATUT, ECHEANCE_DATE, DOSSIER_ID) VALUES  	('1067414','697','PAYEE',to_date('29/12/2017','DD/MM/RR'),'106741');
INSERT INTO  A_ECHEANCE  (ECHEANCE_ID, MONTANT, STATUT, ECHEANCE_DATE, DOSSIER_ID) VALUES  	('1069464','712','PAYEE',to_date('30/12/2017','DD/MM/RR'),'106946');
INSERT INTO  A_ECHEANCE  (ECHEANCE_ID, MONTANT, STATUT, ECHEANCE_DATE, DOSSIER_ID) VALUES  	('1071514','727','PAYEE',to_date('31/12/2017','DD/MM/RR'),'107151');
INSERT INTO  A_ECHEANCE  (ECHEANCE_ID, MONTANT, STATUT, ECHEANCE_DATE, DOSSIER_ID) VALUES  	('1074564','742','EN_ATTENTE',to_date('01/01/2018','DD/MM/RR'),'107456');
INSERT INTO  A_ECHEANCE  (ECHEANCE_ID, MONTANT, STATUT, ECHEANCE_DATE, DOSSIER_ID) VALUES  	('1076614','757','EN_ATTENTE',to_date('02/01/2018','DD/MM/RR'),'107661');
INSERT INTO  A_ECHEANCE  (ECHEANCE_ID, MONTANT, STATUT, ECHEANCE_DATE, DOSSIER_ID) VALUES  	('1078664','772','EN_ATTENTE',to_date('03/01/2018','DD/MM/RR'),'107866');
INSERT INTO  A_ECHEANCE  (ECHEANCE_ID, MONTANT, STATUT, ECHEANCE_DATE, DOSSIER_ID) VALUES  	('1080714','787','EN_ATTENTE',to_date('04/01/2018','DD/MM/RR'),'108071');
INSERT INTO  A_ECHEANCE  (ECHEANCE_ID, MONTANT, STATUT, ECHEANCE_DATE, DOSSIER_ID) VALUES  	('1082764','802','EN_ATTENTE',to_date('05/01/2018','DD/MM/RR'),'108276');
INSERT INTO  A_ECHEANCE  (ECHEANCE_ID, MONTANT, STATUT, ECHEANCE_DATE, DOSSIER_ID) VALUES  	('1084814','817','EN_ATTENTE',to_date('06/01/2018','DD/MM/RR'),'108481');
INSERT INTO  A_ECHEANCE  (ECHEANCE_ID, MONTANT, STATUT, ECHEANCE_DATE, DOSSIER_ID) VALUES  	('1086864','832','EN_ATTENTE',to_date('07/01/2018','DD/MM/RR'),'108686');
INSERT INTO  A_ECHEANCE  (ECHEANCE_ID, MONTANT, STATUT, ECHEANCE_DATE, DOSSIER_ID) VALUES  	('1088914','847','EN_ATTENTE',to_date('08/01/2018','DD/MM/RR'),'108891');
INSERT INTO  A_ECHEANCE  (ECHEANCE_ID, MONTANT, STATUT, ECHEANCE_DATE, DOSSIER_ID) VALUES  	('1090964','862','EN_ATTENTE',to_date('09/01/2018','DD/MM/RR'),'109096');
INSERT INTO  A_ECHEANCE  (ECHEANCE_ID, MONTANT, STATUT, ECHEANCE_DATE, DOSSIER_ID) VALUES  	('1093014','877','EN_ATTENTE',to_date('10/01/2018','DD/MM/RR'),'109301');
INSERT INTO  A_ECHEANCE  (ECHEANCE_ID, MONTANT, STATUT, ECHEANCE_DATE, DOSSIER_ID) VALUES  	('1095064','892','EN_ATTENTE',to_date('11/01/2018','DD/MM/RR'),'109506');
INSERT INTO  A_ECHEANCE  (ECHEANCE_ID, MONTANT, STATUT, ECHEANCE_DATE, DOSSIER_ID) VALUES  	('1097114','907','EN_ATTENTE',to_date('12/01/2018','DD/MM/RR'),'109711');
INSERT INTO  A_ECHEANCE  (ECHEANCE_ID, MONTANT, STATUT, ECHEANCE_DATE, DOSSIER_ID) VALUES  	('1099164','922','EN_ATTENTE',to_date('13/01/2018','DD/MM/RR'),'109916');
INSERT INTO  A_ECHEANCE  (ECHEANCE_ID, MONTANT, STATUT, ECHEANCE_DATE, DOSSIER_ID) VALUES  	('1101214','937','EN_ATTENTE',to_date('14/01/2018','DD/MM/RR'),'110121');
INSERT INTO  A_ECHEANCE  (ECHEANCE_ID, MONTANT, STATUT, ECHEANCE_DATE, DOSSIER_ID) VALUES  	('1105214','952','EN_ATTENTE',to_date('16/01/2018','DD/MM/RR'),'110521');
INSERT INTO  A_ECHEANCE  (ECHEANCE_ID, MONTANT, STATUT, ECHEANCE_DATE, DOSSIER_ID) VALUES  	('1107264','967','EN_ATTENTE',to_date('17/01/2018','DD/MM/RR'),'110726');
INSERT INTO  A_ECHEANCE  (ECHEANCE_ID, MONTANT, STATUT, ECHEANCE_DATE, DOSSIER_ID) VALUES  	('1111364','997','EN_ATTENTE',to_date('19/01/2018','DD/MM/RR'),'111136');
INSERT INTO  A_ECHEANCE  (ECHEANCE_ID, MONTANT, STATUT, ECHEANCE_DATE, DOSSIER_ID) VALUES  	('1113414','1012','EN_ATTENTE',to_date('20/01/2018','DD/MM/RR'),'111341');
INSERT INTO  A_ECHEANCE  (ECHEANCE_ID, MONTANT, STATUT, ECHEANCE_DATE, DOSSIER_ID) VALUES  	('1115464','1027','EN_ATTENTE',to_date('21/01/2018','DD/MM/RR'),'111546');
INSERT INTO  A_ECHEANCE  (ECHEANCE_ID, MONTANT, STATUT, ECHEANCE_DATE, DOSSIER_ID) VALUES  	('1115614','1042','EN_ATTENTE',to_date('22/01/2018','DD/MM/RR'),'111561');
INSERT INTO  A_ECHEANCE  (ECHEANCE_ID, MONTANT, STATUT, ECHEANCE_DATE, DOSSIER_ID) VALUES  	('1117664','1057','EN_ATTENTE',to_date('23/01/2018','DD/MM/RR'),'111766');
INSERT INTO  A_ECHEANCE  (ECHEANCE_ID, MONTANT, STATUT, ECHEANCE_DATE, DOSSIER_ID) VALUES  	('1119714','1050','EN_ATTENTE',to_date('24/01/2018','DD/MM/RR'),'111971');
INSERT INTO  A_ECHEANCE  (ECHEANCE_ID, MONTANT, STATUT, ECHEANCE_DATE, DOSSIER_ID) VALUES  	('1121764','1042','EN_ATTENTE',to_date('25/01/2018','DD/MM/RR'),'112176');
INSERT INTO  A_ECHEANCE  (ECHEANCE_ID, MONTANT, STATUT, ECHEANCE_DATE, DOSSIER_ID) VALUES  	('1123814','1035','EN_ATTENTE',to_date('26/01/2018','DD/MM/RR'),'112381');
INSERT INTO  A_ECHEANCE  (ECHEANCE_ID, MONTANT, STATUT, ECHEANCE_DATE, DOSSIER_ID) VALUES  	('1125864','1027','EN_ATTENTE',to_date('28/01/2018','DD/MM/RR'),'112586');
INSERT INTO  A_ECHEANCE  (ECHEANCE_ID, MONTANT, STATUT, ECHEANCE_DATE, DOSSIER_ID) VALUES  	('1127914','1020','EN_ATTENTE',to_date('29/01/2018','DD/MM/RR'),'112791');
INSERT INTO  A_ECHEANCE  (ECHEANCE_ID, MONTANT, STATUT, ECHEANCE_DATE, DOSSIER_ID) VALUES  	('1128964','1012','EN_ATTENTE',to_date('30/01/2018','DD/MM/RR'),'112896');
INSERT INTO  A_ECHEANCE  (ECHEANCE_ID, MONTANT, STATUT, ECHEANCE_DATE, DOSSIER_ID) VALUES  	('1133064','997','EN_ATTENTE',to_date('01/02/2018','DD/MM/RR'),'113306');
INSERT INTO  A_ECHEANCE  (ECHEANCE_ID, MONTANT, STATUT, ECHEANCE_DATE, DOSSIER_ID) VALUES  	('1135114','990','EN_ATTENTE',to_date('02/02/2018','DD/MM/RR'),'113511');
INSERT INTO  A_ECHEANCE  (ECHEANCE_ID, MONTANT, STATUT, ECHEANCE_DATE, DOSSIER_ID) VALUES  	('1137164','982','EN_ATTENTE',to_date('03/02/2018','DD/MM/RR'),'113716');
INSERT INTO  A_ECHEANCE  (ECHEANCE_ID, MONTANT, STATUT, ECHEANCE_DATE, DOSSIER_ID) VALUES  	('1139214','975','EN_ATTENTE',to_date('04/02/2018','DD/MM/RR'),'113921');
INSERT INTO  A_ECHEANCE  (ECHEANCE_ID, MONTANT, STATUT, ECHEANCE_DATE, DOSSIER_ID) VALUES  	('1141264','967','EN_ATTENTE',to_date('05/02/2018','DD/MM/RR'),'114126');
INSERT INTO  A_ECHEANCE  (ECHEANCE_ID, MONTANT, STATUT, ECHEANCE_DATE, DOSSIER_ID) VALUES  	('1143314','960','EN_ATTENTE',to_date('06/02/2018','DD/MM/RR'),'114331');
INSERT INTO  A_ECHEANCE  (ECHEANCE_ID, MONTANT, STATUT, ECHEANCE_DATE, DOSSIER_ID) VALUES  	('1145364','952','EN_ATTENTE',to_date('07/02/2018','DD/MM/RR'),'114536');
INSERT INTO  A_ECHEANCE  (ECHEANCE_ID, MONTANT, STATUT, ECHEANCE_DATE, DOSSIER_ID) VALUES  	('1150414','945','EN_ATTENTE',to_date('08/02/2018','DD/MM/RR'),'115041');
INSERT INTO  A_ECHEANCE  (ECHEANCE_ID, MONTANT, STATUT, ECHEANCE_DATE, DOSSIER_ID) VALUES  	('1152464','937','EN_ATTENTE',to_date('09/02/2018','DD/MM/RR'),'115246');
INSERT INTO  A_ECHEANCE  (ECHEANCE_ID, MONTANT, STATUT, ECHEANCE_DATE, DOSSIER_ID) VALUES  	('1154514','930','EN_ATTENTE',to_date('10/02/2018','DD/MM/RR'),'115451');
INSERT INTO  A_ECHEANCE  (ECHEANCE_ID, MONTANT, STATUT, ECHEANCE_DATE, DOSSIER_ID) VALUES  	('1156564','922','EN_ATTENTE',to_date('11/02/2018','DD/MM/RR'),'115656');
INSERT INTO  A_ECHEANCE  (ECHEANCE_ID, MONTANT, STATUT, ECHEANCE_DATE, DOSSIER_ID) VALUES  	('1158614','915','EN_ATTENTE',to_date('12/02/2018','DD/MM/RR'),'115861');
INSERT INTO  A_ECHEANCE  (ECHEANCE_ID, MONTANT, STATUT, ECHEANCE_DATE, DOSSIER_ID) VALUES  	('1160664','907','EN_ATTENTE',to_date('13/02/2018','DD/MM/RR'),'116066');
INSERT INTO  A_ECHEANCE  (ECHEANCE_ID, MONTANT, STATUT, ECHEANCE_DATE, DOSSIER_ID) VALUES  	('1162714','900','EN_ATTENTE',to_date('14/02/2018','DD/MM/RR'),'116271');
INSERT INTO  A_ECHEANCE  (ECHEANCE_ID, MONTANT, STATUT, ECHEANCE_DATE, DOSSIER_ID) VALUES  	('1164764','892','EN_ATTENTE',to_date('15/02/2018','DD/MM/RR'),'116476');
INSERT INTO  A_ECHEANCE  (ECHEANCE_ID, MONTANT, STATUT, ECHEANCE_DATE, DOSSIER_ID) VALUES  	('1166814','885','EN_ATTENTE',to_date('16/02/2018','DD/MM/RR'),'116681');
INSERT INTO  A_ECHEANCE  (ECHEANCE_ID, MONTANT, STATUT, ECHEANCE_DATE, DOSSIER_ID) VALUES  	('1168864','877','EN_ATTENTE',to_date('17/02/2018','DD/MM/RR'),'116886');
INSERT INTO  A_ECHEANCE  (ECHEANCE_ID, MONTANT, STATUT, ECHEANCE_DATE, DOSSIER_ID) VALUES  	('1170914','870','EN_ATTENTE',to_date('18/02/2018','DD/MM/RR'),'117091');
INSERT INTO  A_ECHEANCE  (ECHEANCE_ID, MONTANT, STATUT, ECHEANCE_DATE, DOSSIER_ID) VALUES  	('1172964','862','EN_ATTENTE',to_date('19/02/2018','DD/MM/RR'),'117296');
INSERT INTO  A_ECHEANCE  (ECHEANCE_ID, MONTANT, STATUT, ECHEANCE_DATE, DOSSIER_ID) VALUES  	('1175014','855','EN_ATTENTE',to_date('20/02/2018','DD/MM/RR'),'117501');
INSERT INTO  A_ECHEANCE  (ECHEANCE_ID, MONTANT, STATUT, ECHEANCE_DATE, DOSSIER_ID) VALUES  	('1177064','847','EN_ATTENTE',to_date('21/02/2018','DD/MM/RR'),'117706');
INSERT INTO  A_ECHEANCE  (ECHEANCE_ID, MONTANT, STATUT, ECHEANCE_DATE, DOSSIER_ID) VALUES  	('1179114','840','EN_ATTENTE',to_date('22/02/2018','DD/MM/RR'),'117911');
INSERT INTO  A_ECHEANCE  (ECHEANCE_ID, MONTANT, STATUT, ECHEANCE_DATE, DOSSIER_ID) VALUES  	('1181164','832','EN_ATTENTE',to_date('23/02/2018','DD/MM/RR'),'118116');
INSERT INTO  A_ECHEANCE  (ECHEANCE_ID, MONTANT, STATUT, ECHEANCE_DATE, DOSSIER_ID) VALUES  	('1183214','825','EN_ATTENTE',to_date('25/02/2018','DD/MM/RR'),'118321');
INSERT INTO  A_ECHEANCE  (ECHEANCE_ID, MONTANT, STATUT, ECHEANCE_DATE, DOSSIER_ID) VALUES  	('1185264','817','EN_ATTENTE',to_date('26/02/2018','DD/MM/RR'),'118526');
INSERT INTO  A_ECHEANCE  (ECHEANCE_ID, MONTANT, STATUT, ECHEANCE_DATE, DOSSIER_ID) VALUES  	('1187314','810','EN_ATTENTE',to_date('27/02/2018','DD/MM/RR'),'118731');
INSERT INTO  A_ECHEANCE  (ECHEANCE_ID, MONTANT, STATUT, ECHEANCE_DATE, DOSSIER_ID) VALUES  	('1189364','802','EN_ATTENTE',to_date('28/02/2018','DD/MM/RR'),'118936');
INSERT INTO  A_ECHEANCE  (ECHEANCE_ID, MONTANT, STATUT, ECHEANCE_DATE, DOSSIER_ID) VALUES  	('1193464','787','EN_ATTENTE',to_date('02/03/2018','DD/MM/RR'),'119346');
INSERT INTO  A_ECHEANCE  (ECHEANCE_ID, MONTANT, STATUT, ECHEANCE_DATE, DOSSIER_ID) VALUES  	('1195514','780','EN_ATTENTE',to_date('03/03/2018','DD/MM/RR'),'119551');
INSERT INTO  A_ECHEANCE  (ECHEANCE_ID, MONTANT, STATUT, ECHEANCE_DATE, DOSSIER_ID) VALUES  	('1197564','772','EN_ATTENTE',to_date('04/03/2018','DD/MM/RR'),'119756');
INSERT INTO  A_ECHEANCE  (ECHEANCE_ID, MONTANT, STATUT, ECHEANCE_DATE, DOSSIER_ID) VALUES  	('1199614','765','EN_ATTENTE',to_date('05/03/2018','DD/MM/RR'),'119961');
INSERT INTO  A_ECHEANCE  (ECHEANCE_ID, MONTANT, STATUT, ECHEANCE_DATE, DOSSIER_ID) VALUES  	('1201664','757','EN_ATTENTE',to_date('06/03/2018','DD/MM/RR'),'120166');
INSERT INTO  A_ECHEANCE  (ECHEANCE_ID, MONTANT, STATUT, ECHEANCE_DATE, DOSSIER_ID) VALUES  	('1203714','750','EN_ATTENTE',to_date('07/03/2018','DD/MM/RR'),'120371');
INSERT INTO  A_ECHEANCE  (ECHEANCE_ID, MONTANT, STATUT, ECHEANCE_DATE, DOSSIER_ID) VALUES  	('1205764','742','EN_ATTENTE',to_date('08/03/2018','DD/MM/RR'),'120576');
INSERT INTO  A_ECHEANCE  (ECHEANCE_ID, MONTANT, STATUT, ECHEANCE_DATE, DOSSIER_ID) VALUES  	('1207814','735','EN_ATTENTE',to_date('09/03/2018','DD/MM/RR'),'120781');
INSERT INTO  A_ECHEANCE  (ECHEANCE_ID, MONTANT, STATUT, ECHEANCE_DATE, DOSSIER_ID) VALUES  	('1209864','727','EN_ATTENTE',to_date('10/03/2018','DD/MM/RR'),'120986');
INSERT INTO  A_ECHEANCE  (ECHEANCE_ID, MONTANT, STATUT, ECHEANCE_DATE, DOSSIER_ID) VALUES  	('1211914','720','EN_ATTENTE',to_date('11/03/2018','DD/MM/RR'),'121191');
INSERT INTO  A_ECHEANCE  (ECHEANCE_ID, MONTANT, STATUT, ECHEANCE_DATE, DOSSIER_ID) VALUES  	('1213964','712','EN_ATTENTE',to_date('12/03/2018','DD/MM/RR'),'121396');
INSERT INTO  A_ECHEANCE  (ECHEANCE_ID, MONTANT, STATUT, ECHEANCE_DATE, DOSSIER_ID) VALUES  	('1216014','705','EN_ATTENTE',to_date('13/03/2018','DD/MM/RR'),'121601');
INSERT INTO  A_ECHEANCE  (ECHEANCE_ID, MONTANT, STATUT, ECHEANCE_DATE, DOSSIER_ID) VALUES  	('1218064','697','EN_ATTENTE',to_date('14/03/2018','DD/MM/RR'),'121806');
INSERT INTO  A_ECHEANCE  (ECHEANCE_ID, MONTANT, STATUT, ECHEANCE_DATE, DOSSIER_ID) VALUES  	('1220114','690','EN_ATTENTE',to_date('15/03/2018','DD/MM/RR'),'122011');
INSERT INTO  A_ECHEANCE  (ECHEANCE_ID, MONTANT, STATUT, ECHEANCE_DATE, DOSSIER_ID) VALUES  	('1222164','682','EN_ATTENTE',to_date('16/03/2018','DD/MM/RR'),'122216');
INSERT INTO  A_ECHEANCE  (ECHEANCE_ID, MONTANT, STATUT, ECHEANCE_DATE, DOSSIER_ID) VALUES  	('1224214','675','EN_ATTENTE',to_date('17/03/2018','DD/MM/RR'),'122421');
INSERT INTO  A_ECHEANCE  (ECHEANCE_ID, MONTANT, STATUT, ECHEANCE_DATE, DOSSIER_ID) VALUES  	('1226264','667','EN_ATTENTE',to_date('18/03/2018','DD/MM/RR'),'122626');
INSERT INTO  A_ECHEANCE  (ECHEANCE_ID, MONTANT, STATUT, ECHEANCE_DATE, DOSSIER_ID) VALUES  	('1228314','660','EN_ATTENTE',to_date('19/03/2018','DD/MM/RR'),'122831');
INSERT INTO  A_ECHEANCE  (ECHEANCE_ID, MONTANT, STATUT, ECHEANCE_DATE, DOSSIER_ID) VALUES  	('1230364','652','EN_ATTENTE',to_date('20/03/2018','DD/MM/RR'),'123036');
INSERT INTO  A_ECHEANCE  (ECHEANCE_ID, MONTANT, STATUT, ECHEANCE_DATE, DOSSIER_ID) VALUES  	('1232414','645','EN_ATTENTE',to_date('21/03/2018','DD/MM/RR'),'123241');
INSERT INTO  A_ECHEANCE  (ECHEANCE_ID, MONTANT, STATUT, ECHEANCE_DATE, DOSSIER_ID) VALUES  	('1234464','637','EN_ATTENTE',to_date('22/03/2018','DD/MM/RR'),'123446');
INSERT INTO  A_ECHEANCE  (ECHEANCE_ID, MONTANT, STATUT, ECHEANCE_DATE, DOSSIER_ID) VALUES  	('1236514','630','EN_ATTENTE',to_date('23/03/2018','DD/MM/RR'),'123651');
INSERT INTO  A_ECHEANCE  (ECHEANCE_ID, MONTANT, STATUT, ECHEANCE_DATE, DOSSIER_ID) VALUES  	('1238564','622','EN_ATTENTE',to_date('24/03/2018','DD/MM/RR'),'123856');
INSERT INTO  A_ECHEANCE  (ECHEANCE_ID, MONTANT, STATUT, ECHEANCE_DATE, DOSSIER_ID) VALUES  	('1240614','615','EN_ATTENTE',to_date('25/03/2018','DD/MM/RR'),'124061');
INSERT INTO  A_ECHEANCE  (ECHEANCE_ID, MONTANT, STATUT, ECHEANCE_DATE, DOSSIER_ID) VALUES  	('1242664','607','EN_ATTENTE',to_date('26/03/2018','DD/MM/RR'),'124266');
INSERT INTO  A_ECHEANCE  (ECHEANCE_ID, MONTANT, STATUT, ECHEANCE_DATE, DOSSIER_ID) VALUES  	('1244714','600','EN_ATTENTE',to_date('27/03/2018','DD/MM/RR'),'124471');
INSERT INTO  A_ECHEANCE  (ECHEANCE_ID, MONTANT, STATUT, ECHEANCE_DATE, DOSSIER_ID) VALUES  	('1246764','592','EN_ATTENTE',to_date('28/03/2018','DD/MM/RR'),'124676');
INSERT INTO  A_ECHEANCE  (ECHEANCE_ID, MONTANT, STATUT, ECHEANCE_DATE, DOSSIER_ID) VALUES  	('1248814','585','EN_ATTENTE',to_date('29/03/2018','DD/MM/RR'),'124881');
INSERT INTO  A_ECHEANCE  (ECHEANCE_ID, MONTANT, STATUT, ECHEANCE_DATE, DOSSIER_ID) VALUES  	('1250864','577','EN_ATTENTE',to_date('31/03/2018','DD/MM/RR'),'125086');
INSERT INTO  A_ECHEANCE  (ECHEANCE_ID, MONTANT, STATUT, ECHEANCE_DATE, DOSSIER_ID) VALUES  	('1256914','570','EN_ATTENTE',to_date('01/04/2018','DD/MM/RR'),'125691');
INSERT INTO  A_ECHEANCE  (ECHEANCE_ID, MONTANT, STATUT, ECHEANCE_DATE, DOSSIER_ID) VALUES  	('1258964','562','EN_ATTENTE',to_date('02/04/2018','DD/MM/RR'),'125896');
INSERT INTO  A_ECHEANCE  (ECHEANCE_ID, MONTANT, STATUT, ECHEANCE_DATE, DOSSIER_ID) VALUES  	('1261014','555','EN_ATTENTE',to_date('03/04/2018','DD/MM/RR'),'126101');
INSERT INTO  A_ECHEANCE  (ECHEANCE_ID, MONTANT, STATUT, ECHEANCE_DATE, DOSSIER_ID) VALUES  	('1263064','547','EN_ATTENTE',to_date('04/04/2018','DD/MM/RR'),'126306');
INSERT INTO  A_ECHEANCE  (ECHEANCE_ID, MONTANT, STATUT, ECHEANCE_DATE, DOSSIER_ID) VALUES  	('1267164','532','EN_ATTENTE',to_date('06/04/2018','DD/MM/RR'),'126716');
INSERT INTO  A_ECHEANCE  (ECHEANCE_ID, MONTANT, STATUT, ECHEANCE_DATE, DOSSIER_ID) VALUES  	('1269214','525','EN_ATTENTE',to_date('07/04/2018','DD/MM/RR'),'126921');
INSERT INTO  A_ECHEANCE  (ECHEANCE_ID, MONTANT, STATUT, ECHEANCE_DATE, DOSSIER_ID) VALUES  	('1271264','517','EN_ATTENTE',to_date('08/04/2018','DD/MM/RR'),'127126');
INSERT INTO  A_ECHEANCE  (ECHEANCE_ID, MONTANT, STATUT, ECHEANCE_DATE, DOSSIER_ID) VALUES  	('1273314','510','EN_ATTENTE',to_date('09/04/2018','DD/MM/RR'),'127331');
INSERT INTO  A_ECHEANCE  (ECHEANCE_ID, MONTANT, STATUT, ECHEANCE_DATE, DOSSIER_ID) VALUES  	('1275364','502','EN_ATTENTE',to_date('10/04/2018','DD/MM/RR'),'127536');
INSERT INTO  A_ECHEANCE  (ECHEANCE_ID, MONTANT, STATUT, ECHEANCE_DATE, DOSSIER_ID) VALUES  	('1277414','495','EN_ATTENTE',to_date('11/04/2018','DD/MM/RR'),'127741');
INSERT INTO  A_ECHEANCE  (ECHEANCE_ID, MONTANT, STATUT, ECHEANCE_DATE, DOSSIER_ID) VALUES  	('1279464','487','EN_ATTENTE',to_date('12/04/2018','DD/MM/RR'),'127946');
INSERT INTO  A_ECHEANCE  (ECHEANCE_ID, MONTANT, STATUT, ECHEANCE_DATE, DOSSIER_ID) VALUES  	('1281514','480','EN_ATTENTE',to_date('13/04/2018','DD/MM/RR'),'128151');
INSERT INTO  A_ECHEANCE  (ECHEANCE_ID, MONTANT, STATUT, ECHEANCE_DATE, DOSSIER_ID) VALUES  	('1287564','472','EN_ATTENTE',to_date('14/04/2018','DD/MM/RR'),'128756');
INSERT INTO  A_ECHEANCE  (ECHEANCE_ID, MONTANT, STATUT, ECHEANCE_DATE, DOSSIER_ID) VALUES  	('1293614','465','EN_ATTENTE',to_date('15/04/2018','DD/MM/RR'),'129361');
INSERT INTO  A_ECHEANCE  (ECHEANCE_ID, MONTANT, STATUT, ECHEANCE_DATE, DOSSIER_ID) VALUES  	('1299664','457','EN_ATTENTE',to_date('16/04/2018','DD/MM/RR'),'129966');
INSERT INTO  A_ECHEANCE  (ECHEANCE_ID, MONTANT, STATUT, ECHEANCE_DATE, DOSSIER_ID) VALUES  	('1305714','450','EN_ATTENTE',to_date('17/04/2018','DD/MM/RR'),'130571');
INSERT INTO  A_ECHEANCE  (ECHEANCE_ID, MONTANT, STATUT, ECHEANCE_DATE, DOSSIER_ID) VALUES  	('1311764','442','EN_ATTENTE',to_date('18/04/2018','DD/MM/RR'),'131176');
INSERT INTO  A_ECHEANCE  (ECHEANCE_ID, MONTANT, STATUT, ECHEANCE_DATE, DOSSIER_ID) VALUES  	('1317814','435','EN_ATTENTE',to_date('19/04/2018','DD/MM/RR'),'131781');
INSERT INTO  A_ECHEANCE  (ECHEANCE_ID, MONTANT, STATUT, ECHEANCE_DATE, DOSSIER_ID) VALUES  	('1323864','427','EN_ATTENTE',to_date('20/04/2018','DD/MM/RR'),'132386');
INSERT INTO  A_ECHEANCE  (ECHEANCE_ID, MONTANT, STATUT, ECHEANCE_DATE, DOSSIER_ID) VALUES  	('1329914','420','EN_ATTENTE',to_date('21/04/2018','DD/MM/RR'),'132991');
INSERT INTO  A_ECHEANCE  (ECHEANCE_ID, MONTANT, STATUT, ECHEANCE_DATE, DOSSIER_ID) VALUES  	('1335964','412','EN_ATTENTE',to_date('22/04/2018','DD/MM/RR'),'133596');
INSERT INTO  A_ECHEANCE  (ECHEANCE_ID, MONTANT, STATUT, ECHEANCE_DATE, DOSSIER_ID) VALUES  	('1342014','405','EN_ATTENTE',to_date('23/04/2018','DD/MM/RR'),'134201');
INSERT INTO  A_ECHEANCE  (ECHEANCE_ID, MONTANT, STATUT, ECHEANCE_DATE, DOSSIER_ID) VALUES  	('1348064','397','EN_ATTENTE',to_date('24/04/2018','DD/MM/RR'),'134806');
INSERT INTO  A_ECHEANCE  (ECHEANCE_ID, MONTANT, STATUT, ECHEANCE_DATE, DOSSIER_ID) VALUES  	('1354114','390','EN_ATTENTE',to_date('25/04/2018','DD/MM/RR'),'135411');
INSERT INTO  A_ECHEANCE  (ECHEANCE_ID, MONTANT, STATUT, ECHEANCE_DATE, DOSSIER_ID) VALUES  	('1360164','382','EN_ATTENTE',to_date('26/04/2018','DD/MM/RR'),'136016');
INSERT INTO  A_ECHEANCE  (ECHEANCE_ID, MONTANT, STATUT, ECHEANCE_DATE, DOSSIER_ID) VALUES  	('1366214','375','EN_ATTENTE',to_date('27/04/2018','DD/MM/RR'),'136621');
INSERT INTO  A_ECHEANCE  (ECHEANCE_ID, MONTANT, STATUT, ECHEANCE_DATE, DOSSIER_ID) VALUES  	('1372264','367','EN_ATTENTE',to_date('07/03/2018','DD/MM/RR'),'137226');
INSERT INTO  A_ECHEANCE  (ECHEANCE_ID, MONTANT, STATUT, ECHEANCE_DATE, DOSSIER_ID) VALUES  	('1378314','360','EN_ATTENTE',to_date('25/02/2018','DD/MM/RR'),'137831');
INSERT INTO  A_ECHEANCE  (ECHEANCE_ID, MONTANT, STATUT, ECHEANCE_DATE, DOSSIER_ID) VALUES  	('1384364','352','EN_ATTENTE',to_date('15/02/2018','DD/MM/RR'),'138436');
INSERT INTO  A_ECHEANCE  (ECHEANCE_ID, MONTANT, STATUT, ECHEANCE_DATE, DOSSIER_ID) VALUES  	('1390414','345','EN_ATTENTE',to_date('05/02/2018','DD/MM/RR'),'139041');
INSERT INTO  A_ECHEANCE  (ECHEANCE_ID, MONTANT, STATUT, ECHEANCE_DATE, DOSSIER_ID) VALUES  	('1396464','337','EN_ATTENTE',to_date('27/01/2018','DD/MM/RR'),'139646');
INSERT INTO  A_ECHEANCE  (ECHEANCE_ID, MONTANT, STATUT, ECHEANCE_DATE, DOSSIER_ID) VALUES  	('1402514','330','EN_ATTENTE',to_date('17/01/2018','DD/MM/RR'),'140251');
INSERT INTO  A_ECHEANCE  (ECHEANCE_ID, MONTANT, STATUT, ECHEANCE_DATE, DOSSIER_ID) VALUES  	('1408564','322','EN_ATTENTE',to_date('07/01/2018','DD/MM/RR'),'140856');
INSERT INTO  A_ECHEANCE  (ECHEANCE_ID, MONTANT, STATUT, ECHEANCE_DATE, DOSSIER_ID) VALUES  	('1414614','315','PAYEE',to_date('28/12/2017','DD/MM/RR'),'141461');
INSERT INTO  A_ECHEANCE  (ECHEANCE_ID, MONTANT, STATUT, ECHEANCE_DATE, DOSSIER_ID) VALUES  	('1420664','307','PAYEE',to_date('18/12/2017','DD/MM/RR'),'142066');
INSERT INTO  A_ECHEANCE  (ECHEANCE_ID, MONTANT, STATUT, ECHEANCE_DATE, DOSSIER_ID) VALUES  	('1426714','300','PAYEE',to_date('08/12/2017','DD/MM/RR'),'142671');
INSERT INTO  A_ECHEANCE  (ECHEANCE_ID, MONTANT, STATUT, ECHEANCE_DATE, DOSSIER_ID) VALUES  	('1438814','285','PAYEE',to_date('18/11/2017','DD/MM/RR'),'143881');
INSERT INTO  A_ECHEANCE  (ECHEANCE_ID, MONTANT, STATUT, ECHEANCE_DATE, DOSSIER_ID) VALUES  	('1444864','277','PAYEE',to_date('08/11/2017','DD/MM/RR'),'144486');
INSERT INTO  A_ECHEANCE  (ECHEANCE_ID, MONTANT, STATUT, ECHEANCE_DATE, DOSSIER_ID) VALUES  	('1450914','270','PAYEE',to_date('29/10/2017','DD/MM/RR'),'145091');
INSERT INTO  A_ECHEANCE  (ECHEANCE_ID, MONTANT, STATUT, ECHEANCE_DATE, DOSSIER_ID) VALUES  	('1456964','262','PAYEE',to_date('19/10/2017','DD/MM/RR'),'145696');
INSERT INTO  A_ECHEANCE  (ECHEANCE_ID, MONTANT, STATUT, ECHEANCE_DATE, DOSSIER_ID) VALUES  	('1463014','255','PAYEE',to_date('09/10/2017','DD/MM/RR'),'146301');
INSERT INTO  A_ECHEANCE  (ECHEANCE_ID, MONTANT, STATUT, ECHEANCE_DATE, DOSSIER_ID) VALUES  	('1469064','247','PAYEE',to_date('29/09/2017','DD/MM/RR'),'146906');
INSERT INTO  A_ECHEANCE  (ECHEANCE_ID, MONTANT, STATUT, ECHEANCE_DATE, DOSSIER_ID) VALUES  	('1475114','240','PAYEE',to_date('19/09/2017','DD/MM/RR'),'147511');
INSERT INTO  A_ECHEANCE  (ECHEANCE_ID, MONTANT, STATUT, ECHEANCE_DATE, DOSSIER_ID) VALUES  	('1481164','232','PAYEE',to_date('09/09/2017','DD/MM/RR'),'148116');
INSERT INTO  A_ECHEANCE  (ECHEANCE_ID, MONTANT, STATUT, ECHEANCE_DATE, DOSSIER_ID) VALUES  	('1487214','225','PAYEE',to_date('30/08/2017','DD/MM/RR'),'148721');
INSERT INTO  A_ECHEANCE  (ECHEANCE_ID, MONTANT, STATUT, ECHEANCE_DATE, DOSSIER_ID) VALUES  	('1493264','217','PAYEE',to_date('20/08/2017','DD/MM/RR'),'149326');
INSERT INTO  A_ECHEANCE  (ECHEANCE_ID, MONTANT, STATUT, ECHEANCE_DATE, DOSSIER_ID) VALUES  	('1493274','210','PAYEE',to_date('10/08/2017','DD/MM/RR'),'149327');
INSERT INTO  A_ECHEANCE  (ECHEANCE_ID, MONTANT, STATUT, ECHEANCE_DATE, DOSSIER_ID) VALUES  	('1493284','202','PAYEE',to_date('31/07/2017','DD/MM/RR'),'149328');
INSERT INTO  A_ECHEANCE  (ECHEANCE_ID, MONTANT, STATUT, ECHEANCE_DATE, DOSSIER_ID) VALUES  	('1493294','195','PAYEE',to_date('21/07/2017','DD/MM/RR'),'149329');
INSERT INTO  A_ECHEANCE  (ECHEANCE_ID, MONTANT, STATUT, ECHEANCE_DATE, DOSSIER_ID) VALUES  	('1493304','187','PAYEE',to_date('11/07/2017','DD/MM/RR'),'149330');
INSERT INTO  A_ECHEANCE  (ECHEANCE_ID, MONTANT, STATUT, ECHEANCE_DATE, DOSSIER_ID) VALUES  	('1493314','180','PAYEE',to_date('01/07/2017','DD/MM/RR'),'149331');
INSERT INTO  A_ECHEANCE  (ECHEANCE_ID, MONTANT, STATUT, ECHEANCE_DATE, DOSSIER_ID) VALUES  	('1493324','172','PAYEE',to_date('21/06/2017','DD/MM/RR'),'149332');
INSERT INTO  A_ECHEANCE  (ECHEANCE_ID, MONTANT, STATUT, ECHEANCE_DATE, DOSSIER_ID) VALUES  	('1493334','165','PAYEE',to_date('11/06/2017','DD/MM/RR'),'149333');
INSERT INTO  A_ECHEANCE  (ECHEANCE_ID, MONTANT, STATUT, ECHEANCE_DATE, DOSSIER_ID) VALUES  	('1493344','157','PAYEE',to_date('01/06/2017','DD/MM/RR'),'149334');
INSERT INTO  A_ECHEANCE  (ECHEANCE_ID, MONTANT, STATUT, ECHEANCE_DATE, DOSSIER_ID) VALUES  	('1493354','150','PAYEE',to_date('22/05/2017','DD/MM/RR'),'149335');
INSERT INTO  A_ECHEANCE  (ECHEANCE_ID, MONTANT, STATUT, ECHEANCE_DATE, DOSSIER_ID) VALUES  	('1493364','142','PAYEE',to_date('12/05/2017','DD/MM/RR'),'149336');
INSERT INTO  A_ECHEANCE  (ECHEANCE_ID, MONTANT, STATUT, ECHEANCE_DATE, DOSSIER_ID) VALUES  	('1493374','135','PAYEE',to_date('02/05/2017','DD/MM/RR'),'149337');
INSERT INTO  A_ECHEANCE  (ECHEANCE_ID, MONTANT, STATUT, ECHEANCE_DATE, DOSSIER_ID) VALUES  	('1493384','127','PAYEE',to_date('22/04/2017','DD/MM/RR'),'149338');
INSERT INTO  A_ECHEANCE  (ECHEANCE_ID, MONTANT, STATUT, ECHEANCE_DATE, DOSSIER_ID) VALUES  	('1493394','120','PAYEE',to_date('13/04/2017','DD/MM/RR'),'149339');
INSERT INTO  A_ECHEANCE  (ECHEANCE_ID, MONTANT, STATUT, ECHEANCE_DATE, DOSSIER_ID) VALUES  	('1493404','112','PAYEE',to_date('03/04/2017','DD/MM/RR'),'149340');
INSERT INTO  A_ECHEANCE  (ECHEANCE_ID, MONTANT, STATUT, ECHEANCE_DATE, DOSSIER_ID) VALUES  	('1493414','105','PAYEE',to_date('24/03/2017','DD/MM/RR'),'149341');
INSERT INTO  A_ECHEANCE  (ECHEANCE_ID, MONTANT, STATUT, ECHEANCE_DATE, DOSSIER_ID) VALUES  	('1493424','97','PAYEE',to_date('14/03/2017','DD/MM/RR'),'149342');
INSERT INTO  A_ECHEANCE  (ECHEANCE_ID, MONTANT, STATUT, ECHEANCE_DATE, DOSSIER_ID) VALUES  	('1493434','90','PAYEE',to_date('15/03/2017','DD/MM/RR'),'149343');
INSERT INTO  A_ECHEANCE  (ECHEANCE_ID, MONTANT, STATUT, ECHEANCE_DATE, DOSSIER_ID) VALUES  	('1493444','82','PAYEE',to_date('16/03/2017','DD/MM/RR'),'149344');
INSERT INTO  A_ECHEANCE  (ECHEANCE_ID, MONTANT, STATUT, ECHEANCE_DATE, DOSSIER_ID) VALUES  	('1493454','75','PAYEE',to_date('17/03/2017','DD/MM/RR'),'149345');
INSERT INTO  A_ECHEANCE  (ECHEANCE_ID, MONTANT, STATUT, ECHEANCE_DATE, DOSSIER_ID) VALUES  	('1493474','60','PAYEE',to_date('19/03/2017','DD/MM/RR'),'149347');
INSERT INTO  A_ECHEANCE  (ECHEANCE_ID, MONTANT, STATUT, ECHEANCE_DATE, DOSSIER_ID) VALUES  	('1493484','52','PAYEE',to_date('20/03/2017','DD/MM/RR'),'149348');
INSERT INTO  A_ECHEANCE  (ECHEANCE_ID, MONTANT, STATUT, ECHEANCE_DATE, DOSSIER_ID) VALUES  	('1493494','45','PAYEE',to_date('21/03/2017','DD/MM/RR'),'149349');
INSERT INTO  A_ECHEANCE  (ECHEANCE_ID, MONTANT, STATUT, ECHEANCE_DATE, DOSSIER_ID) VALUES  	('1493504','37','PAYEE',to_date('22/03/2017','DD/MM/RR'),'149350');
INSERT INTO  A_ECHEANCE  (ECHEANCE_ID, MONTANT, STATUT, ECHEANCE_DATE, DOSSIER_ID) VALUES 
INSERT INTO  A_ECHEANCE  (ECHEANCE_ID, MONTANT, STATUT, ECHEANCE_DATE, DOSSIER_ID) VALUES 
INSERT INTO  A_ECHEANCE  (ECHEANCE_ID, MONTANT, STATUT, ECHEANCE_DATE, DOSSIER_ID) VALUES  	('1010015','540','PAYEE',to_date('29/12/2017','DD/MM/RR'),'101001');
INSERT INTO  A_ECHEANCE  (ECHEANCE_ID, MONTANT, STATUT, ECHEANCE_DATE, DOSSIER_ID) VALUES  	('1012065','502','PAYEE',to_date('30/12/2017','DD/MM/RR'),'101206');
INSERT INTO  A_ECHEANCE  (ECHEANCE_ID, MONTANT, STATUT, ECHEANCE_DATE, DOSSIER_ID) VALUES  	('1014115','465','EN_ATTENTE',to_date('31/12/2017','DD/MM/RR'),'101411');
INSERT INTO  A_ECHEANCE  (ECHEANCE_ID, MONTANT, STATUT, ECHEANCE_DATE, DOSSIER_ID) VALUES  	('1016165','427','EN_ATTENTE',to_date('01/01/2018','DD/MM/RR'),'101616');
INSERT INTO  A_ECHEANCE  (ECHEANCE_ID, MONTANT, STATUT, ECHEANCE_DATE, DOSSIER_ID) VALUES  	('1018215','390','EN_ATTENTE',to_date('02/01/2018','DD/MM/RR'),'101821');
INSERT INTO  A_ECHEANCE  (ECHEANCE_ID, MONTANT, STATUT, ECHEANCE_DATE, DOSSIER_ID) VALUES  	('1020265','352','EN_ATTENTE',to_date('03/01/2018','DD/MM/RR'),'102026');
INSERT INTO  A_ECHEANCE  (ECHEANCE_ID, MONTANT, STATUT, ECHEANCE_DATE, DOSSIER_ID) VALUES  	('1022315','367','EN_ATTENTE',to_date('04/01/2018','DD/MM/RR'),'102231');
INSERT INTO  A_ECHEANCE  (ECHEANCE_ID, MONTANT, STATUT, ECHEANCE_DATE, DOSSIER_ID) VALUES  	('1024365','382','EN_ATTENTE',to_date('05/01/2018','DD/MM/RR'),'102436');
INSERT INTO  A_ECHEANCE  (ECHEANCE_ID, MONTANT, STATUT, ECHEANCE_DATE, DOSSIER_ID) VALUES  	('1026415','397','EN_ATTENTE',to_date('06/01/2018','DD/MM/RR'),'102641');
INSERT INTO  A_ECHEANCE  (ECHEANCE_ID, MONTANT, STATUT, ECHEANCE_DATE, DOSSIER_ID) VALUES  	('1030515','427','EN_ATTENTE',to_date('09/01/2018','DD/MM/RR'),'103051');
INSERT INTO  A_ECHEANCE  (ECHEANCE_ID, MONTANT, STATUT, ECHEANCE_DATE, DOSSIER_ID) VALUES  	('1032565','442','EN_ATTENTE',to_date('10/01/2018','DD/MM/RR'),'103256');
INSERT INTO  A_ECHEANCE  (ECHEANCE_ID, MONTANT, STATUT, ECHEANCE_DATE, DOSSIER_ID) VALUES  	('1034615','457','EN_ATTENTE',to_date('11/01/2018','DD/MM/RR'),'103461');
INSERT INTO  A_ECHEANCE  (ECHEANCE_ID, MONTANT, STATUT, ECHEANCE_DATE, DOSSIER_ID) VALUES  	('1036665','472','EN_ATTENTE',to_date('12/01/2018','DD/MM/RR'),'103666');
INSERT INTO  A_ECHEANCE  (ECHEANCE_ID, MONTANT, STATUT, ECHEANCE_DATE, DOSSIER_ID) VALUES  	('1038715','487','EN_ATTENTE',to_date('13/01/2018','DD/MM/RR'),'103871');
INSERT INTO  A_ECHEANCE  (ECHEANCE_ID, MONTANT, STATUT, ECHEANCE_DATE, DOSSIER_ID) VALUES  	('1040765','502','EN_ATTENTE',to_date('14/01/2018','DD/MM/RR'),'104076');
INSERT INTO  A_ECHEANCE  (ECHEANCE_ID, MONTANT, STATUT, ECHEANCE_DATE, DOSSIER_ID) VALUES  	('1042815','517','EN_ATTENTE',to_date('15/01/2018','DD/MM/RR'),'104281');
INSERT INTO  A_ECHEANCE  (ECHEANCE_ID, MONTANT, STATUT, ECHEANCE_DATE, DOSSIER_ID) VALUES  	('1044865','532','EN_ATTENTE',to_date('16/01/2018','DD/MM/RR'),'104486');
INSERT INTO  A_ECHEANCE  (ECHEANCE_ID, MONTANT, STATUT, ECHEANCE_DATE, DOSSIER_ID) VALUES  	('1046915','547','EN_ATTENTE',to_date('17/01/2018','DD/MM/RR'),'104691');
INSERT INTO  A_ECHEANCE  (ECHEANCE_ID, MONTANT, STATUT, ECHEANCE_DATE, DOSSIER_ID) VALUES  	('1048965','562','EN_ATTENTE',to_date('18/01/2018','DD/MM/RR'),'104896');
INSERT INTO  A_ECHEANCE  (ECHEANCE_ID, MONTANT, STATUT, ECHEANCE_DATE, DOSSIER_ID) VALUES  	('1051015','577','EN_ATTENTE',to_date('19/01/2018','DD/MM/RR'),'105101');
INSERT INTO  A_ECHEANCE  (ECHEANCE_ID, MONTANT, STATUT, ECHEANCE_DATE, DOSSIER_ID) VALUES  	('1053065','592','EN_ATTENTE',to_date('20/01/2018','DD/MM/RR'),'105306');
INSERT INTO  A_ECHEANCE  (ECHEANCE_ID, MONTANT, STATUT, ECHEANCE_DATE, DOSSIER_ID) VALUES  	('1055115','607','EN_ATTENTE',to_date('22/01/2018','DD/MM/RR'),'105511');
INSERT INTO  A_ECHEANCE  (ECHEANCE_ID, MONTANT, STATUT, ECHEANCE_DATE, DOSSIER_ID) VALUES  	('1059215','637','EN_ATTENTE',to_date('24/01/2018','DD/MM/RR'),'105921');
INSERT INTO  A_ECHEANCE  (ECHEANCE_ID, MONTANT, STATUT, ECHEANCE_DATE, DOSSIER_ID) VALUES  	('1061265','652','EN_ATTENTE',to_date('25/01/2018','DD/MM/RR'),'106126');
INSERT INTO  A_ECHEANCE  (ECHEANCE_ID, MONTANT, STATUT, ECHEANCE_DATE, DOSSIER_ID) VALUES  	('1063315','667','EN_ATTENTE',to_date('26/01/2018','DD/MM/RR'),'106331');
INSERT INTO  A_ECHEANCE  (ECHEANCE_ID, MONTANT, STATUT, ECHEANCE_DATE, DOSSIER_ID) VALUES  	('1065365','682','EN_ATTENTE',to_date('27/01/2018','DD/MM/RR'),'106536');
INSERT INTO  A_ECHEANCE  (ECHEANCE_ID, MONTANT, STATUT, ECHEANCE_DATE, DOSSIER_ID) VALUES  	('1067415','697','EN_ATTENTE',to_date('28/01/2018','DD/MM/RR'),'106741');
INSERT INTO  A_ECHEANCE  (ECHEANCE_ID, MONTANT, STATUT, ECHEANCE_DATE, DOSSIER_ID) VALUES  	('1069465','712','EN_ATTENTE',to_date('29/01/2018','DD/MM/RR'),'106946');
INSERT INTO  A_ECHEANCE  (ECHEANCE_ID, MONTANT, STATUT, ECHEANCE_DATE, DOSSIER_ID) VALUES  	('1071515','727','EN_ATTENTE',to_date('30/01/2018','DD/MM/RR'),'107151');
INSERT INTO  A_ECHEANCE  (ECHEANCE_ID, MONTANT, STATUT, ECHEANCE_DATE, DOSSIER_ID) VALUES  	('1074565','742','EN_ATTENTE',to_date('31/01/2018','DD/MM/RR'),'107456');
INSERT INTO  A_ECHEANCE  (ECHEANCE_ID, MONTANT, STATUT, ECHEANCE_DATE, DOSSIER_ID) VALUES  	('1076615','757','EN_ATTENTE',to_date('01/02/2018','DD/MM/RR'),'107661');
INSERT INTO  A_ECHEANCE  (ECHEANCE_ID, MONTANT, STATUT, ECHEANCE_DATE, DOSSIER_ID) VALUES  	('1078665','772','EN_ATTENTE',to_date('02/02/2018','DD/MM/RR'),'107866');
INSERT INTO  A_ECHEANCE  (ECHEANCE_ID, MONTANT, STATUT, ECHEANCE_DATE, DOSSIER_ID) VALUES  	('1080715','787','EN_ATTENTE',to_date('03/02/2018','DD/MM/RR'),'108071');
INSERT INTO  A_ECHEANCE  (ECHEANCE_ID, MONTANT, STATUT, ECHEANCE_DATE, DOSSIER_ID) VALUES  	('1082765','802','EN_ATTENTE',to_date('04/02/2018','DD/MM/RR'),'108276');
INSERT INTO  A_ECHEANCE  (ECHEANCE_ID, MONTANT, STATUT, ECHEANCE_DATE, DOSSIER_ID) VALUES  	('1084815','817','EN_ATTENTE',to_date('05/02/2018','DD/MM/RR'),'108481');
INSERT INTO  A_ECHEANCE  (ECHEANCE_ID, MONTANT, STATUT, ECHEANCE_DATE, DOSSIER_ID) VALUES  	('1086865','832','EN_ATTENTE',to_date('06/02/2018','DD/MM/RR'),'108686');
INSERT INTO  A_ECHEANCE  (ECHEANCE_ID, MONTANT, STATUT, ECHEANCE_DATE, DOSSIER_ID) VALUES  	('1088915','847','EN_ATTENTE',to_date('07/02/2018','DD/MM/RR'),'108891');
INSERT INTO  A_ECHEANCE  (ECHEANCE_ID, MONTANT, STATUT, ECHEANCE_DATE, DOSSIER_ID) VALUES  	('1090965','862','EN_ATTENTE',to_date('08/02/2018','DD/MM/RR'),'109096');
INSERT INTO  A_ECHEANCE  (ECHEANCE_ID, MONTANT, STATUT, ECHEANCE_DATE, DOSSIER_ID) VALUES  	('1093015','877','EN_ATTENTE',to_date('09/02/2018','DD/MM/RR'),'109301');
INSERT INTO  A_ECHEANCE  (ECHEANCE_ID, MONTANT, STATUT, ECHEANCE_DATE, DOSSIER_ID) VALUES  	('1095065','892','EN_ATTENTE',to_date('10/02/2018','DD/MM/RR'),'109506');
INSERT INTO  A_ECHEANCE  (ECHEANCE_ID, MONTANT, STATUT, ECHEANCE_DATE, DOSSIER_ID) VALUES  	('1097115','907','EN_ATTENTE',to_date('11/02/2018','DD/MM/RR'),'109711');
INSERT INTO  A_ECHEANCE  (ECHEANCE_ID, MONTANT, STATUT, ECHEANCE_DATE, DOSSIER_ID) VALUES  	('1099165','922','EN_ATTENTE',to_date('12/02/2018','DD/MM/RR'),'109916');
INSERT INTO  A_ECHEANCE  (ECHEANCE_ID, MONTANT, STATUT, ECHEANCE_DATE, DOSSIER_ID) VALUES  	('1101215','937','EN_ATTENTE',to_date('13/02/2018','DD/MM/RR'),'110121');
INSERT INTO  A_ECHEANCE  (ECHEANCE_ID, MONTANT, STATUT, ECHEANCE_DATE, DOSSIER_ID) VALUES  	('1105215','952','EN_ATTENTE',to_date('15/02/2018','DD/MM/RR'),'110521');
INSERT INTO  A_ECHEANCE  (ECHEANCE_ID, MONTANT, STATUT, ECHEANCE_DATE, DOSSIER_ID) VALUES  	('1107265','967','EN_ATTENTE',to_date('16/02/2018','DD/MM/RR'),'110726');
INSERT INTO  A_ECHEANCE  (ECHEANCE_ID, MONTANT, STATUT, ECHEANCE_DATE, DOSSIER_ID) VALUES  	('1111365','997','EN_ATTENTE',to_date('18/02/2018','DD/MM/RR'),'111136');
INSERT INTO  A_ECHEANCE  (ECHEANCE_ID, MONTANT, STATUT, ECHEANCE_DATE, DOSSIER_ID) VALUES  	('1113415','1012','EN_ATTENTE',to_date('19/02/2018','DD/MM/RR'),'111341');
INSERT INTO  A_ECHEANCE  (ECHEANCE_ID, MONTANT, STATUT, ECHEANCE_DATE, DOSSIER_ID) VALUES  	('1115465','1027','EN_ATTENTE',to_date('20/02/2018','DD/MM/RR'),'111546');
INSERT INTO  A_ECHEANCE  (ECHEANCE_ID, MONTANT, STATUT, ECHEANCE_DATE, DOSSIER_ID) VALUES  	('1115615','1042','EN_ATTENTE',to_date('21/02/2018','DD/MM/RR'),'111561');
INSERT INTO  A_ECHEANCE  (ECHEANCE_ID, MONTANT, STATUT, ECHEANCE_DATE, DOSSIER_ID) VALUES  	('1117665','1057','EN_ATTENTE',to_date('22/02/2018','DD/MM/RR'),'111766');
INSERT INTO  A_ECHEANCE  (ECHEANCE_ID, MONTANT, STATUT, ECHEANCE_DATE, DOSSIER_ID) VALUES  	('1119715','1050','EN_ATTENTE',to_date('23/02/2018','DD/MM/RR'),'111971');
INSERT INTO  A_ECHEANCE  (ECHEANCE_ID, MONTANT, STATUT, ECHEANCE_DATE, DOSSIER_ID) VALUES  	('1121765','1042','EN_ATTENTE',to_date('24/02/2018','DD/MM/RR'),'112176');
INSERT INTO  A_ECHEANCE  (ECHEANCE_ID, MONTANT, STATUT, ECHEANCE_DATE, DOSSIER_ID) VALUES  	('1123815','1035','EN_ATTENTE',to_date('25/02/2018','DD/MM/RR'),'112381');
INSERT INTO  A_ECHEANCE  (ECHEANCE_ID, MONTANT, STATUT, ECHEANCE_DATE, DOSSIER_ID) VALUES  	('1125865','1027','EN_ATTENTE',to_date('27/02/2018','DD/MM/RR'),'112586');
INSERT INTO  A_ECHEANCE  (ECHEANCE_ID, MONTANT, STATUT, ECHEANCE_DATE, DOSSIER_ID) VALUES  	('1127915','1020','EN_ATTENTE',to_date('28/02/2018','DD/MM/RR'),'112791');
INSERT INTO  A_ECHEANCE  (ECHEANCE_ID, MONTANT, STATUT, ECHEANCE_DATE, DOSSIER_ID) VALUES  	('1128965','1012','EN_ATTENTE',to_date('01/03/2018','DD/MM/RR'),'112896');
INSERT INTO  A_ECHEANCE  (ECHEANCE_ID, MONTANT, STATUT, ECHEANCE_DATE, DOSSIER_ID) VALUES  	('1133065','997','EN_ATTENTE',to_date('03/03/2018','DD/MM/RR'),'113306');
INSERT INTO  A_ECHEANCE  (ECHEANCE_ID, MONTANT, STATUT, ECHEANCE_DATE, DOSSIER_ID) VALUES  	('1135115','990','EN_ATTENTE',to_date('04/03/2018','DD/MM/RR'),'113511');
INSERT INTO  A_ECHEANCE  (ECHEANCE_ID, MONTANT, STATUT, ECHEANCE_DATE, DOSSIER_ID) VALUES  	('1137165','982','EN_ATTENTE',to_date('05/03/2018','DD/MM/RR'),'113716');
INSERT INTO  A_ECHEANCE  (ECHEANCE_ID, MONTANT, STATUT, ECHEANCE_DATE, DOSSIER_ID) VALUES  	('1139215','975','EN_ATTENTE',to_date('06/03/2018','DD/MM/RR'),'113921');
INSERT INTO  A_ECHEANCE  (ECHEANCE_ID, MONTANT, STATUT, ECHEANCE_DATE, DOSSIER_ID) VALUES  	('1141265','967','EN_ATTENTE',to_date('07/03/2018','DD/MM/RR'),'114126');
INSERT INTO  A_ECHEANCE  (ECHEANCE_ID, MONTANT, STATUT, ECHEANCE_DATE, DOSSIER_ID) VALUES  	('1143315','960','EN_ATTENTE',to_date('08/03/2018','DD/MM/RR'),'114331');
INSERT INTO  A_ECHEANCE  (ECHEANCE_ID, MONTANT, STATUT, ECHEANCE_DATE, DOSSIER_ID) VALUES  	('1145365','952','EN_ATTENTE',to_date('09/03/2018','DD/MM/RR'),'114536');
INSERT INTO  A_ECHEANCE  (ECHEANCE_ID, MONTANT, STATUT, ECHEANCE_DATE, DOSSIER_ID) VALUES  	('1150415','945','EN_ATTENTE',to_date('10/03/2018','DD/MM/RR'),'115041');
INSERT INTO  A_ECHEANCE  (ECHEANCE_ID, MONTANT, STATUT, ECHEANCE_DATE, DOSSIER_ID) VALUES  	('1152465','937','EN_ATTENTE',to_date('11/03/2018','DD/MM/RR'),'115246');
INSERT INTO  A_ECHEANCE  (ECHEANCE_ID, MONTANT, STATUT, ECHEANCE_DATE, DOSSIER_ID) VALUES  	('1154515','930','EN_ATTENTE',to_date('12/03/2018','DD/MM/RR'),'115451');
INSERT INTO  A_ECHEANCE  (ECHEANCE_ID, MONTANT, STATUT, ECHEANCE_DATE, DOSSIER_ID) VALUES  	('1156565','922','EN_ATTENTE',to_date('13/03/2018','DD/MM/RR'),'115656');
INSERT INTO  A_ECHEANCE  (ECHEANCE_ID, MONTANT, STATUT, ECHEANCE_DATE, DOSSIER_ID) VALUES  	('1158615','915','EN_ATTENTE',to_date('14/03/2018','DD/MM/RR'),'115861');
INSERT INTO  A_ECHEANCE  (ECHEANCE_ID, MONTANT, STATUT, ECHEANCE_DATE, DOSSIER_ID) VALUES  	('1160665','907','EN_ATTENTE',to_date('15/03/2018','DD/MM/RR'),'116066');
INSERT INTO  A_ECHEANCE  (ECHEANCE_ID, MONTANT, STATUT, ECHEANCE_DATE, DOSSIER_ID) VALUES  	('1162715','900','EN_ATTENTE',to_date('16/03/2018','DD/MM/RR'),'116271');
INSERT INTO  A_ECHEANCE  (ECHEANCE_ID, MONTANT, STATUT, ECHEANCE_DATE, DOSSIER_ID) VALUES  	('1164765','892','EN_ATTENTE',to_date('17/03/2018','DD/MM/RR'),'116476');
INSERT INTO  A_ECHEANCE  (ECHEANCE_ID, MONTANT, STATUT, ECHEANCE_DATE, DOSSIER_ID) VALUES  	('1166815','885','EN_ATTENTE',to_date('18/03/2018','DD/MM/RR'),'116681');
INSERT INTO  A_ECHEANCE  (ECHEANCE_ID, MONTANT, STATUT, ECHEANCE_DATE, DOSSIER_ID) VALUES  	('1168865','877','EN_ATTENTE',to_date('19/03/2018','DD/MM/RR'),'116886');
INSERT INTO  A_ECHEANCE  (ECHEANCE_ID, MONTANT, STATUT, ECHEANCE_DATE, DOSSIER_ID) VALUES  	('1170915','870','EN_ATTENTE',to_date('20/03/2018','DD/MM/RR'),'117091');
INSERT INTO  A_ECHEANCE  (ECHEANCE_ID, MONTANT, STATUT, ECHEANCE_DATE, DOSSIER_ID) VALUES  	('1172965','862','EN_ATTENTE',to_date('21/03/2018','DD/MM/RR'),'117296');
INSERT INTO  A_ECHEANCE  (ECHEANCE_ID, MONTANT, STATUT, ECHEANCE_DATE, DOSSIER_ID) VALUES  	('1175015','855','EN_ATTENTE',to_date('22/03/2018','DD/MM/RR'),'117501');
INSERT INTO  A_ECHEANCE  (ECHEANCE_ID, MONTANT, STATUT, ECHEANCE_DATE, DOSSIER_ID) VALUES  	('1177065','847','EN_ATTENTE',to_date('23/03/2018','DD/MM/RR'),'117706');
INSERT INTO  A_ECHEANCE  (ECHEANCE_ID, MONTANT, STATUT, ECHEANCE_DATE, DOSSIER_ID) VALUES  	('1179115','840','EN_ATTENTE',to_date('24/03/2018','DD/MM/RR'),'117911');
INSERT INTO  A_ECHEANCE  (ECHEANCE_ID, MONTANT, STATUT, ECHEANCE_DATE, DOSSIER_ID) VALUES  	('1181165','832','EN_ATTENTE',to_date('25/03/2018','DD/MM/RR'),'118116');
INSERT INTO  A_ECHEANCE  (ECHEANCE_ID, MONTANT, STATUT, ECHEANCE_DATE, DOSSIER_ID) VALUES  	('1183215','825','EN_ATTENTE',to_date('27/03/2018','DD/MM/RR'),'118321');
INSERT INTO  A_ECHEANCE  (ECHEANCE_ID, MONTANT, STATUT, ECHEANCE_DATE, DOSSIER_ID) VALUES  	('1185265','817','EN_ATTENTE',to_date('28/03/2018','DD/MM/RR'),'118526');
INSERT INTO  A_ECHEANCE  (ECHEANCE_ID, MONTANT, STATUT, ECHEANCE_DATE, DOSSIER_ID) VALUES  	('1187315','810','EN_ATTENTE',to_date('29/03/2018','DD/MM/RR'),'118731');
INSERT INTO  A_ECHEANCE  (ECHEANCE_ID, MONTANT, STATUT, ECHEANCE_DATE, DOSSIER_ID) VALUES  	('1189365','802','EN_ATTENTE',to_date('30/03/2018','DD/MM/RR'),'118936');
INSERT INTO  A_ECHEANCE  (ECHEANCE_ID, MONTANT, STATUT, ECHEANCE_DATE, DOSSIER_ID) VALUES  	('1193465','787','EN_ATTENTE',to_date('01/04/2018','DD/MM/RR'),'119346');
INSERT INTO  A_ECHEANCE  (ECHEANCE_ID, MONTANT, STATUT, ECHEANCE_DATE, DOSSIER_ID) VALUES  	('1195515','780','EN_ATTENTE',to_date('02/04/2018','DD/MM/RR'),'119551');
INSERT INTO  A_ECHEANCE  (ECHEANCE_ID, MONTANT, STATUT, ECHEANCE_DATE, DOSSIER_ID) VALUES  	('1197565','772','EN_ATTENTE',to_date('03/04/2018','DD/MM/RR'),'119756');
INSERT INTO  A_ECHEANCE  (ECHEANCE_ID, MONTANT, STATUT, ECHEANCE_DATE, DOSSIER_ID) VALUES  	('1199615','765','EN_ATTENTE',to_date('04/04/2018','DD/MM/RR'),'119961');
INSERT INTO  A_ECHEANCE  (ECHEANCE_ID, MONTANT, STATUT, ECHEANCE_DATE, DOSSIER_ID) VALUES  	('1201665','757','EN_ATTENTE',to_date('05/04/2018','DD/MM/RR'),'120166');
INSERT INTO  A_ECHEANCE  (ECHEANCE_ID, MONTANT, STATUT, ECHEANCE_DATE, DOSSIER_ID) VALUES  	('1203715','750','EN_ATTENTE',to_date('06/04/2018','DD/MM/RR'),'120371');
INSERT INTO  A_ECHEANCE  (ECHEANCE_ID, MONTANT, STATUT, ECHEANCE_DATE, DOSSIER_ID) VALUES  	('1205765','742','EN_ATTENTE',to_date('07/04/2018','DD/MM/RR'),'120576');
INSERT INTO  A_ECHEANCE  (ECHEANCE_ID, MONTANT, STATUT, ECHEANCE_DATE, DOSSIER_ID) VALUES  	('1207815','735','EN_ATTENTE',to_date('08/04/2018','DD/MM/RR'),'120781');
INSERT INTO  A_ECHEANCE  (ECHEANCE_ID, MONTANT, STATUT, ECHEANCE_DATE, DOSSIER_ID) VALUES  	('1209865','727','EN_ATTENTE',to_date('09/04/2018','DD/MM/RR'),'120986');
INSERT INTO  A_ECHEANCE  (ECHEANCE_ID, MONTANT, STATUT, ECHEANCE_DATE, DOSSIER_ID) VALUES  	('1211915','720','EN_ATTENTE',to_date('10/04/2018','DD/MM/RR'),'121191');
INSERT INTO  A_ECHEANCE  (ECHEANCE_ID, MONTANT, STATUT, ECHEANCE_DATE, DOSSIER_ID) VALUES  	('1213965','712','EN_ATTENTE',to_date('11/04/2018','DD/MM/RR'),'121396');
INSERT INTO  A_ECHEANCE  (ECHEANCE_ID, MONTANT, STATUT, ECHEANCE_DATE, DOSSIER_ID) VALUES  	('1216015','705','EN_ATTENTE',to_date('12/04/2018','DD/MM/RR'),'121601');
INSERT INTO  A_ECHEANCE  (ECHEANCE_ID, MONTANT, STATUT, ECHEANCE_DATE, DOSSIER_ID) VALUES  	('1218065','697','EN_ATTENTE',to_date('13/04/2018','DD/MM/RR'),'121806');
INSERT INTO  A_ECHEANCE  (ECHEANCE_ID, MONTANT, STATUT, ECHEANCE_DATE, DOSSIER_ID) VALUES  	('1220115','690','EN_ATTENTE',to_date('14/04/2018','DD/MM/RR'),'122011');
INSERT INTO  A_ECHEANCE  (ECHEANCE_ID, MONTANT, STATUT, ECHEANCE_DATE, DOSSIER_ID) VALUES  	('1222165','682','EN_ATTENTE',to_date('15/04/2018','DD/MM/RR'),'122216');
INSERT INTO  A_ECHEANCE  (ECHEANCE_ID, MONTANT, STATUT, ECHEANCE_DATE, DOSSIER_ID) VALUES  	('1224215','675','EN_ATTENTE',to_date('16/04/2018','DD/MM/RR'),'122421');
INSERT INTO  A_ECHEANCE  (ECHEANCE_ID, MONTANT, STATUT, ECHEANCE_DATE, DOSSIER_ID) VALUES  	('1226265','667','EN_ATTENTE',to_date('17/04/2018','DD/MM/RR'),'122626');
INSERT INTO  A_ECHEANCE  (ECHEANCE_ID, MONTANT, STATUT, ECHEANCE_DATE, DOSSIER_ID) VALUES  	('1228315','660','EN_ATTENTE',to_date('18/04/2018','DD/MM/RR'),'122831');
INSERT INTO  A_ECHEANCE  (ECHEANCE_ID, MONTANT, STATUT, ECHEANCE_DATE, DOSSIER_ID) VALUES  	('1230365','652','EN_ATTENTE',to_date('19/04/2018','DD/MM/RR'),'123036');
INSERT INTO  A_ECHEANCE  (ECHEANCE_ID, MONTANT, STATUT, ECHEANCE_DATE, DOSSIER_ID) VALUES  	('1232415','645','EN_ATTENTE',to_date('20/04/2018','DD/MM/RR'),'123241');
INSERT INTO  A_ECHEANCE  (ECHEANCE_ID, MONTANT, STATUT, ECHEANCE_DATE, DOSSIER_ID) VALUES  	('1234465','637','EN_ATTENTE',to_date('21/04/2018','DD/MM/RR'),'123446');
INSERT INTO  A_ECHEANCE  (ECHEANCE_ID, MONTANT, STATUT, ECHEANCE_DATE, DOSSIER_ID) VALUES  	('1236515','630','EN_ATTENTE',to_date('22/04/2018','DD/MM/RR'),'123651');
INSERT INTO  A_ECHEANCE  (ECHEANCE_ID, MONTANT, STATUT, ECHEANCE_DATE, DOSSIER_ID) VALUES  	('1238565','622','EN_ATTENTE',to_date('23/04/2018','DD/MM/RR'),'123856');
INSERT INTO  A_ECHEANCE  (ECHEANCE_ID, MONTANT, STATUT, ECHEANCE_DATE, DOSSIER_ID) VALUES  	('1240615','615','EN_ATTENTE',to_date('24/04/2018','DD/MM/RR'),'124061');
INSERT INTO  A_ECHEANCE  (ECHEANCE_ID, MONTANT, STATUT, ECHEANCE_DATE, DOSSIER_ID) VALUES  	('1242665','607','EN_ATTENTE',to_date('25/04/2018','DD/MM/RR'),'124266');
INSERT INTO  A_ECHEANCE  (ECHEANCE_ID, MONTANT, STATUT, ECHEANCE_DATE, DOSSIER_ID) VALUES  	('1244715','600','EN_ATTENTE',to_date('26/04/2018','DD/MM/RR'),'124471');
INSERT INTO  A_ECHEANCE  (ECHEANCE_ID, MONTANT, STATUT, ECHEANCE_DATE, DOSSIER_ID) VALUES  	('1246765','592','EN_ATTENTE',to_date('27/04/2018','DD/MM/RR'),'124676');
INSERT INTO  A_ECHEANCE  (ECHEANCE_ID, MONTANT, STATUT, ECHEANCE_DATE, DOSSIER_ID) VALUES  	('1248815','585','EN_ATTENTE',to_date('28/04/2018','DD/MM/RR'),'124881');
INSERT INTO  A_ECHEANCE  (ECHEANCE_ID, MONTANT, STATUT, ECHEANCE_DATE, DOSSIER_ID) VALUES  	('1250865','577','EN_ATTENTE',to_date('30/04/2018','DD/MM/RR'),'125086');
INSERT INTO  A_ECHEANCE  (ECHEANCE_ID, MONTANT, STATUT, ECHEANCE_DATE, DOSSIER_ID) VALUES  	('1256915','570','EN_ATTENTE',to_date('01/05/2018','DD/MM/RR'),'125691');
INSERT INTO  A_ECHEANCE  (ECHEANCE_ID, MONTANT, STATUT, ECHEANCE_DATE, DOSSIER_ID) VALUES  	('1258965','562','EN_ATTENTE',to_date('02/05/2018','DD/MM/RR'),'125896');
INSERT INTO  A_ECHEANCE  (ECHEANCE_ID, MONTANT, STATUT, ECHEANCE_DATE, DOSSIER_ID) VALUES  	('1261015','555','EN_ATTENTE',to_date('03/05/2018','DD/MM/RR'),'126101');
INSERT INTO  A_ECHEANCE  (ECHEANCE_ID, MONTANT, STATUT, ECHEANCE_DATE, DOSSIER_ID) VALUES  	('1263065','547','EN_ATTENTE',to_date('04/05/2018','DD/MM/RR'),'126306');
INSERT INTO  A_ECHEANCE  (ECHEANCE_ID, MONTANT, STATUT, ECHEANCE_DATE, DOSSIER_ID) VALUES  	('1267165','532','EN_ATTENTE',to_date('06/05/2018','DD/MM/RR'),'126716');
INSERT INTO  A_ECHEANCE  (ECHEANCE_ID, MONTANT, STATUT, ECHEANCE_DATE, DOSSIER_ID) VALUES  	('1269215','525','EN_ATTENTE',to_date('07/05/2018','DD/MM/RR'),'126921');
INSERT INTO  A_ECHEANCE  (ECHEANCE_ID, MONTANT, STATUT, ECHEANCE_DATE, DOSSIER_ID) VALUES  	('1271265','517','EN_ATTENTE',to_date('08/05/2018','DD/MM/RR'),'127126');
INSERT INTO  A_ECHEANCE  (ECHEANCE_ID, MONTANT, STATUT, ECHEANCE_DATE, DOSSIER_ID) VALUES  	('1273315','510','EN_ATTENTE',to_date('09/05/2018','DD/MM/RR'),'127331');
INSERT INTO  A_ECHEANCE  (ECHEANCE_ID, MONTANT, STATUT, ECHEANCE_DATE, DOSSIER_ID) VALUES  	('1275365','502','EN_ATTENTE',to_date('10/05/2018','DD/MM/RR'),'127536');
INSERT INTO  A_ECHEANCE  (ECHEANCE_ID, MONTANT, STATUT, ECHEANCE_DATE, DOSSIER_ID) VALUES  	('1277415','495','EN_ATTENTE',to_date('11/05/2018','DD/MM/RR'),'127741');
INSERT INTO  A_ECHEANCE  (ECHEANCE_ID, MONTANT, STATUT, ECHEANCE_DATE, DOSSIER_ID) VALUES  	('1279465','487','EN_ATTENTE',to_date('12/05/2018','DD/MM/RR'),'127946');
INSERT INTO  A_ECHEANCE  (ECHEANCE_ID, MONTANT, STATUT, ECHEANCE_DATE, DOSSIER_ID) VALUES  	('1281515','480','EN_ATTENTE',to_date('13/05/2018','DD/MM/RR'),'128151');
INSERT INTO  A_ECHEANCE  (ECHEANCE_ID, MONTANT, STATUT, ECHEANCE_DATE, DOSSIER_ID) VALUES  	('1287565','472','EN_ATTENTE',to_date('14/05/2018','DD/MM/RR'),'128756');
INSERT INTO  A_ECHEANCE  (ECHEANCE_ID, MONTANT, STATUT, ECHEANCE_DATE, DOSSIER_ID) VALUES  	('1293615','465','EN_ATTENTE',to_date('15/05/2018','DD/MM/RR'),'129361');
INSERT INTO  A_ECHEANCE  (ECHEANCE_ID, MONTANT, STATUT, ECHEANCE_DATE, DOSSIER_ID) VALUES  	('1299665','457','EN_ATTENTE',to_date('16/05/2018','DD/MM/RR'),'129966');
INSERT INTO  A_ECHEANCE  (ECHEANCE_ID, MONTANT, STATUT, ECHEANCE_DATE, DOSSIER_ID) VALUES  	('1305715','450','EN_ATTENTE',to_date('17/05/2018','DD/MM/RR'),'130571');
INSERT INTO  A_ECHEANCE  (ECHEANCE_ID, MONTANT, STATUT, ECHEANCE_DATE, DOSSIER_ID) VALUES  	('1311765','442','EN_ATTENTE',to_date('18/05/2018','DD/MM/RR'),'131176');
INSERT INTO  A_ECHEANCE  (ECHEANCE_ID, MONTANT, STATUT, ECHEANCE_DATE, DOSSIER_ID) VALUES  	('1317815','435','EN_ATTENTE',to_date('19/05/2018','DD/MM/RR'),'131781');
INSERT INTO  A_ECHEANCE  (ECHEANCE_ID, MONTANT, STATUT, ECHEANCE_DATE, DOSSIER_ID) VALUES  	('1323865','427','EN_ATTENTE',to_date('20/05/2018','DD/MM/RR'),'132386');
INSERT INTO  A_ECHEANCE  (ECHEANCE_ID, MONTANT, STATUT, ECHEANCE_DATE, DOSSIER_ID) VALUES  	('1329915','420','EN_ATTENTE',to_date('21/05/2018','DD/MM/RR'),'132991');
INSERT INTO  A_ECHEANCE  (ECHEANCE_ID, MONTANT, STATUT, ECHEANCE_DATE, DOSSIER_ID) VALUES  	('1335965','412','EN_ATTENTE',to_date('22/05/2018','DD/MM/RR'),'133596');
INSERT INTO  A_ECHEANCE  (ECHEANCE_ID, MONTANT, STATUT, ECHEANCE_DATE, DOSSIER_ID) VALUES  	('1342015','405','EN_ATTENTE',to_date('23/05/2018','DD/MM/RR'),'134201');
INSERT INTO  A_ECHEANCE  (ECHEANCE_ID, MONTANT, STATUT, ECHEANCE_DATE, DOSSIER_ID) VALUES  	('1348065','397','EN_ATTENTE',to_date('24/05/2018','DD/MM/RR'),'134806');
INSERT INTO  A_ECHEANCE  (ECHEANCE_ID, MONTANT, STATUT, ECHEANCE_DATE, DOSSIER_ID) VALUES  	('1354115','390','EN_ATTENTE',to_date('25/05/2018','DD/MM/RR'),'135411');
INSERT INTO  A_ECHEANCE  (ECHEANCE_ID, MONTANT, STATUT, ECHEANCE_DATE, DOSSIER_ID) VALUES  	('1360165','382','EN_ATTENTE',to_date('26/05/2018','DD/MM/RR'),'136016');
INSERT INTO  A_ECHEANCE  (ECHEANCE_ID, MONTANT, STATUT, ECHEANCE_DATE, DOSSIER_ID) VALUES  	('1366215','375','EN_ATTENTE',to_date('27/05/2018','DD/MM/RR'),'136621');
INSERT INTO  A_ECHEANCE  (ECHEANCE_ID, MONTANT, STATUT, ECHEANCE_DATE, DOSSIER_ID) VALUES  	('1372265','367','EN_ATTENTE',to_date('06/04/2018','DD/MM/RR'),'137226');
INSERT INTO  A_ECHEANCE  (ECHEANCE_ID, MONTANT, STATUT, ECHEANCE_DATE, DOSSIER_ID) VALUES  	('1378315','360','EN_ATTENTE',to_date('27/03/2018','DD/MM/RR'),'137831');
INSERT INTO  A_ECHEANCE  (ECHEANCE_ID, MONTANT, STATUT, ECHEANCE_DATE, DOSSIER_ID) VALUES  	('1384365','352','EN_ATTENTE',to_date('17/03/2018','DD/MM/RR'),'138436');
INSERT INTO  A_ECHEANCE  (ECHEANCE_ID, MONTANT, STATUT, ECHEANCE_DATE, DOSSIER_ID) VALUES  	('1390415','345','EN_ATTENTE',to_date('07/03/2018','DD/MM/RR'),'139041');
INSERT INTO  A_ECHEANCE  (ECHEANCE_ID, MONTANT, STATUT, ECHEANCE_DATE, DOSSIER_ID) VALUES  	('1396465','337','EN_ATTENTE',to_date('26/02/2018','DD/MM/RR'),'139646');
INSERT INTO  A_ECHEANCE  (ECHEANCE_ID, MONTANT, STATUT, ECHEANCE_DATE, DOSSIER_ID) VALUES  	('1402515','330','EN_ATTENTE',to_date('16/02/2018','DD/MM/RR'),'140251');
INSERT INTO  A_ECHEANCE  (ECHEANCE_ID, MONTANT, STATUT, ECHEANCE_DATE, DOSSIER_ID) VALUES  	('1408565','322','EN_ATTENTE',to_date('06/02/2018','DD/MM/RR'),'140856');
INSERT INTO  A_ECHEANCE  (ECHEANCE_ID, MONTANT, STATUT, ECHEANCE_DATE, DOSSIER_ID) VALUES  	('1414615','315','EN_ATTENTE',to_date('27/01/2018','DD/MM/RR'),'141461');
INSERT INTO  A_ECHEANCE  (ECHEANCE_ID, MONTANT, STATUT, ECHEANCE_DATE, DOSSIER_ID) VALUES  	('1420665','307','EN_ATTENTE',to_date('17/01/2018','DD/MM/RR'),'142066');
INSERT INTO  A_ECHEANCE  (ECHEANCE_ID, MONTANT, STATUT, ECHEANCE_DATE, DOSSIER_ID) VALUES  	('1426715','300','EN_ATTENTE',to_date('07/01/2018','DD/MM/RR'),'142671');
INSERT INTO  A_ECHEANCE  (ECHEANCE_ID, MONTANT, STATUT, ECHEANCE_DATE, DOSSIER_ID) VALUES  	('1438815','285','PAYEE',to_date('18/12/2017','DD/MM/RR'),'143881');
INSERT INTO  A_ECHEANCE  (ECHEANCE_ID, MONTANT, STATUT, ECHEANCE_DATE, DOSSIER_ID) VALUES  	('1444865','277','PAYEE',to_date('08/12/2017','DD/MM/RR'),'144486');
INSERT INTO  A_ECHEANCE  (ECHEANCE_ID, MONTANT, STATUT, ECHEANCE_DATE, DOSSIER_ID) VALUES  	('1450915','270','PAYEE',to_date('28/11/2017','DD/MM/RR'),'145091');
INSERT INTO  A_ECHEANCE  (ECHEANCE_ID, MONTANT, STATUT, ECHEANCE_DATE, DOSSIER_ID) VALUES  	('1456965','262','PAYEE',to_date('18/11/2017','DD/MM/RR'),'145696');
INSERT INTO  A_ECHEANCE  (ECHEANCE_ID, MONTANT, STATUT, ECHEANCE_DATE, DOSSIER_ID) VALUES  	('1463015','255','PAYEE',to_date('08/11/2017','DD/MM/RR'),'146301');
INSERT INTO  A_ECHEANCE  (ECHEANCE_ID, MONTANT, STATUT, ECHEANCE_DATE, DOSSIER_ID) VALUES  	('1469065','247','PAYEE',to_date('29/10/2017','DD/MM/RR'),'146906');
INSERT INTO  A_ECHEANCE  (ECHEANCE_ID, MONTANT, STATUT, ECHEANCE_DATE, DOSSIER_ID) VALUES  	('1475115','240','PAYEE',to_date('19/10/2017','DD/MM/RR'),'147511');
INSERT INTO  A_ECHEANCE  (ECHEANCE_ID, MONTANT, STATUT, ECHEANCE_DATE, DOSSIER_ID) VALUES  	('1481165','232','PAYEE',to_date('09/10/2017','DD/MM/RR'),'148116');
INSERT INTO  A_ECHEANCE  (ECHEANCE_ID, MONTANT, STATUT, ECHEANCE_DATE, DOSSIER_ID) VALUES  	('1487215','225','PAYEE',to_date('29/09/2017','DD/MM/RR'),'148721');
INSERT INTO  A_ECHEANCE  (ECHEANCE_ID, MONTANT, STATUT, ECHEANCE_DATE, DOSSIER_ID) VALUES  	('1493265','217','PAYEE',to_date('19/09/2017','DD/MM/RR'),'149326');
INSERT INTO  A_ECHEANCE  (ECHEANCE_ID, MONTANT, STATUT, ECHEANCE_DATE, DOSSIER_ID) VALUES  	('1493275','210','PAYEE',to_date('09/09/2017','DD/MM/RR'),'149327');
INSERT INTO  A_ECHEANCE  (ECHEANCE_ID, MONTANT, STATUT, ECHEANCE_DATE, DOSSIER_ID) VALUES  	('1493285','202','PAYEE',to_date('30/08/2017','DD/MM/RR'),'149328');
INSERT INTO  A_ECHEANCE  (ECHEANCE_ID, MONTANT, STATUT, ECHEANCE_DATE, DOSSIER_ID) VALUES  	('1493295','195','PAYEE',to_date('20/08/2017','DD/MM/RR'),'149329');
INSERT INTO  A_ECHEANCE  (ECHEANCE_ID, MONTANT, STATUT, ECHEANCE_DATE, DOSSIER_ID) VALUES  	('1493305','187','PAYEE',to_date('10/08/2017','DD/MM/RR'),'149330');
INSERT INTO  A_ECHEANCE  (ECHEANCE_ID, MONTANT, STATUT, ECHEANCE_DATE, DOSSIER_ID) VALUES  	('1493315','180','PAYEE',to_date('31/07/2017','DD/MM/RR'),'149331');
INSERT INTO  A_ECHEANCE  (ECHEANCE_ID, MONTANT, STATUT, ECHEANCE_DATE, DOSSIER_ID) VALUES  	('1493325','172','PAYEE',to_date('21/07/2017','DD/MM/RR'),'149332');
INSERT INTO  A_ECHEANCE  (ECHEANCE_ID, MONTANT, STATUT, ECHEANCE_DATE, DOSSIER_ID) VALUES  	('1493335','165','PAYEE',to_date('11/07/2017','DD/MM/RR'),'149333');
INSERT INTO  A_ECHEANCE  (ECHEANCE_ID, MONTANT, STATUT, ECHEANCE_DATE, DOSSIER_ID) VALUES  	('1493345','157','PAYEE',to_date('01/07/2017','DD/MM/RR'),'149334');
INSERT INTO  A_ECHEANCE  (ECHEANCE_ID, MONTANT, STATUT, ECHEANCE_DATE, DOSSIER_ID) VALUES  	('1493355','150','PAYEE',to_date('21/06/2017','DD/MM/RR'),'149335');
INSERT INTO  A_ECHEANCE  (ECHEANCE_ID, MONTANT, STATUT, ECHEANCE_DATE, DOSSIER_ID) VALUES  	('1493365','142','PAYEE',to_date('11/06/2017','DD/MM/RR'),'149336');
INSERT INTO  A_ECHEANCE  (ECHEANCE_ID, MONTANT, STATUT, ECHEANCE_DATE, DOSSIER_ID) VALUES  	('1493375','135','PAYEE',to_date('01/06/2017','DD/MM/RR'),'149337');
INSERT INTO  A_ECHEANCE  (ECHEANCE_ID, MONTANT, STATUT, ECHEANCE_DATE, DOSSIER_ID) VALUES  	('1493385','127','PAYEE',to_date('22/05/2017','DD/MM/RR'),'149338');
INSERT INTO  A_ECHEANCE  (ECHEANCE_ID, MONTANT, STATUT, ECHEANCE_DATE, DOSSIER_ID) VALUES  	('1493395','120','PAYEE',to_date('13/05/2017','DD/MM/RR'),'149339');
INSERT INTO  A_ECHEANCE  (ECHEANCE_ID, MONTANT, STATUT, ECHEANCE_DATE, DOSSIER_ID) VALUES  	('1493405','112','PAYEE',to_date('03/05/2017','DD/MM/RR'),'149340');
INSERT INTO  A_ECHEANCE  (ECHEANCE_ID, MONTANT, STATUT, ECHEANCE_DATE, DOSSIER_ID) VALUES  	('1493415','105','PAYEE',to_date('23/04/2017','DD/MM/RR'),'149341');
INSERT INTO  A_ECHEANCE  (ECHEANCE_ID, MONTANT, STATUT, ECHEANCE_DATE, DOSSIER_ID) VALUES  	('1493425','97','PAYEE',to_date('13/04/2017','DD/MM/RR'),'149342');
INSERT INTO  A_ECHEANCE  (ECHEANCE_ID, MONTANT, STATUT, ECHEANCE_DATE, DOSSIER_ID) VALUES  	('1493435','90','PAYEE',to_date('14/04/2017','DD/MM/RR'),'149343');
INSERT INTO  A_ECHEANCE  (ECHEANCE_ID, MONTANT, STATUT, ECHEANCE_DATE, DOSSIER_ID) VALUES  	('1493445','82','PAYEE',to_date('15/04/2017','DD/MM/RR'),'149344');
INSERT INTO  A_ECHEANCE  (ECHEANCE_ID, MONTANT, STATUT, ECHEANCE_DATE, DOSSIER_ID) VALUES  	('1493455','75','PAYEE',to_date('16/04/2017','DD/MM/RR'),'149345');
INSERT INTO  A_ECHEANCE  (ECHEANCE_ID, MONTANT, STATUT, ECHEANCE_DATE, DOSSIER_ID) VALUES  	('1493475','60','PAYEE',to_date('18/04/2017','DD/MM/RR'),'149347');
INSERT INTO  A_ECHEANCE  (ECHEANCE_ID, MONTANT, STATUT, ECHEANCE_DATE, DOSSIER_ID) VALUES  	('1493485','52','PAYEE',to_date('19/04/2017','DD/MM/RR'),'149348');
INSERT INTO  A_ECHEANCE  (ECHEANCE_ID, MONTANT, STATUT, ECHEANCE_DATE, DOSSIER_ID) VALUES  	('1493495','45','PAYEE',to_date('20/04/2017','DD/MM/RR'),'149349');
INSERT INTO  A_ECHEANCE  (ECHEANCE_ID, MONTANT, STATUT, ECHEANCE_DATE, DOSSIER_ID) VALUES  	('1493505','37','PAYEE',to_date('21/04/2017','DD/MM/RR'),'149350');

